Transaction_ID,Project_ID,Transaction_Date,Amount_USD,Payment_Status,Days_Overdue
TXN_100000,PROJ_0021,2025-12-21,117412.33,Paid,0
TXN_100001,PROJ_0041,2025-03-13,67055.94,Paid,0
TXN_100002,PROJ_0010,2025-08-25,146449.73,Pending,0
TXN_100003,PROJ_0095,2025-11-12,109208.93,Paid,0
TXN_100004,PROJ_0053,2025-09-22,121680.42,Paid,0
TXN_100005,PROJ_0027,2026-01-15,22570.68,Paid,0
TXN_100006,PROJ_0093,2025-07-17,16553.08,Paid,0
TXN_100007,PROJ_0047,2025-12-12,148907.07,Paid,0
TXN_100008,PROJ_0088,2025-09-14,90753.37,Paid,0
TXN_100009,PROJ_0083,2025-04-30,137531.26,Pending,0
TXN_100010,PROJ_0006,2025-06-01,14230.57,Paid,0
TXN_100011,PROJ_0082,2025-10-19,90877.77,Paid,0
TXN_100012,PROJ_0099,2025-08-05,83911.17,Paid,0
TXN_100013,PROJ_0058,2025-10-08,9036.82,Overdue,35
TXN_100014,PROJ_0079,2026-01-16,47086.19,Paid,0
TXN_100015,PROJ_0077,2026-01-11,16502.24,Paid,0
TXN_100016,PROJ_0080,2025-10-29,85690.6,Paid,0
TXN_100017,PROJ_0060,2025-09-19,100220.5,Paid,0
TXN_100018,PROJ_0044,2025-11-17,25703.14,Paid,0
TXN_100019,PROJ_0004,2025-07-12,143060.83,Paid,0
TXN_100020,PROJ_0004,2025-12-02,127872.28,Paid,0
TXN_100021,PROJ_0016,2025-03-06,147276.7,Paid,0
TXN_100022,PROJ_0004,2025-08-23,96361.74,Pending,0
TXN_100023,PROJ_0044,2025-03-28,58157.73,Paid,0
TXN_100024,PROJ_0045,2025-09-01,12199.22,Paid,0
TXN_100025,PROJ_0014,2025-09-08,20472.79,Paid,0
TXN_100026,PROJ_0005,2025-05-16,56203.94,Paid,0
TXN_100027,PROJ_0025,2025-11-21,131023.29,Paid,0
TXN_100028,PROJ_0003,2026-01-28,34721.33,Paid,0
TXN_100029,PROJ_0039,2025-09-07,19400.59,Paid,0
TXN_100030,PROJ_0043,2025-03-23,21351.39,Pending,0
TXN_100031,PROJ_0045,2025-08-07,61712.75,Pending,0
TXN_100032,PROJ_0015,2026-01-31,119653.36,Paid,0
TXN_100033,PROJ_0025,2025-10-24,112688.39,Overdue,13
TXN_100034,PROJ_0041,2025-10-21,140480.39,Paid,0
TXN_100035,PROJ_0058,2025-10-23,76422.32,Paid,0
TXN_100036,PROJ_0069,2025-03-10,130008.39,Paid,0
TXN_100037,PROJ_0017,2025-10-28,147835.49,Overdue,46
TXN_100038,PROJ_0090,2025-08-13,134043.84,Paid,0
TXN_100039,PROJ_0082,2025-05-08,100888.94,Paid,0
TXN_100040,PROJ_0057,2026-02-16,48959.95,Paid,0
TXN_100041,PROJ_0035,2025-04-21,116434.04,Paid,0
TXN_100042,PROJ_0035,2025-12-05,78295.04,Paid,0
TXN_100043,PROJ_0051,2026-01-10,43369.14,Paid,0
TXN_100044,PROJ_0081,2025-06-15,11033.04,Paid,0
TXN_100045,PROJ_0071,2025-05-25,87172.84,Paid,0
TXN_100046,PROJ_0077,2025-08-29,80057.99,Paid,0
TXN_100047,PROJ_0032,2025-11-09,116865.57,Paid,0
TXN_100048,PROJ_0037,2025-05-06,121903.85,Paid,0
TXN_100049,PROJ_0076,2025-11-16,128617.48,Paid,0
TXN_100050,PROJ_0019,2026-02-27,70885.81,Paid,0
TXN_100051,PROJ_0023,2025-03-24,5636.63,Overdue,51
TXN_100052,PROJ_0089,2025-09-29,79519.21,Paid,0
TXN_100053,PROJ_0010,2025-07-22,60590.97,Paid,0
TXN_100054,PROJ_0017,2025-12-12,31200.89,Paid,0
TXN_100055,PROJ_0080,2025-11-08,70093.83,Overdue,53
TXN_100056,PROJ_0028,2025-08-15,32872.7,Paid,0
TXN_100057,PROJ_0056,2025-08-13,137793.84,Overdue,18
TXN_100058,PROJ_0025,2025-07-28,8120.57,Paid,0
TXN_100059,PROJ_0085,2025-12-21,131806.07,Paid,0
TXN_100060,PROJ_0033,2025-05-03,137500.03,Paid,0
TXN_100061,PROJ_0023,2026-01-24,98642.71,Pending,0
TXN_100062,PROJ_0038,2025-04-24,105822.37,Paid,0
TXN_100063,PROJ_0082,2025-07-27,46986.84,Overdue,18
TXN_100064,PROJ_0049,2025-10-10,103058.95,Paid,0
TXN_100065,PROJ_0047,2025-12-16,72355.12,Pending,0
TXN_100066,PROJ_0030,2025-10-09,14581.69,Pending,0
TXN_100067,PROJ_0029,2025-10-26,53821.6,Paid,0
TXN_100068,PROJ_0023,2025-07-26,14185.98,Paid,0
TXN_100069,PROJ_0083,2025-10-24,139089.24,Paid,0
TXN_100070,PROJ_0042,2025-11-24,43403.9,Paid,0
TXN_100071,PROJ_0091,2025-10-15,42919.25,Pending,0
TXN_100072,PROJ_0002,2025-12-28,114728.66,Overdue,3
TXN_100073,PROJ_0056,2025-10-01,18937.89,Paid,0
TXN_100074,PROJ_0003,2025-07-06,126204.61,Paid,0
TXN_100075,PROJ_0028,2025-09-04,88495.43,Paid,0
TXN_100076,PROJ_0040,2025-09-22,84284.61,Paid,0
TXN_100077,PROJ_0064,2025-03-09,20046.15,Paid,0
TXN_100078,PROJ_0094,2025-08-31,105689.13,Pending,0
TXN_100079,PROJ_0094,2025-05-13,61890.84,Paid,0
TXN_100080,PROJ_0064,2026-02-09,146254.63,Paid,0
TXN_100081,PROJ_0009,2026-02-04,130092.73,Paid,0
TXN_100082,PROJ_0043,2025-06-19,23445.63,Paid,0
TXN_100083,PROJ_0041,2025-07-04,80536.35,Paid,0
TXN_100084,PROJ_0039,2025-07-25,106545.16,Paid,0
TXN_100085,PROJ_0054,2026-01-28,54754.86,Paid,0
TXN_100086,PROJ_0061,2025-11-06,76856.41,Paid,0
TXN_100087,PROJ_0015,2025-06-28,12127.11,Pending,0
TXN_100088,PROJ_0024,2025-10-15,147869.44,Overdue,43
TXN_100089,PROJ_0081,2025-09-24,74719.77,Paid,0
TXN_100090,PROJ_0016,2025-11-04,132611.26,Paid,0
TXN_100091,PROJ_0076,2025-12-18,130126.61,Pending,0
TXN_100092,PROJ_0049,2025-06-11,86464.18,Paid,0
TXN_100093,PROJ_0072,2026-02-25,20610.65,Paid,0
TXN_100094,PROJ_0097,2025-07-08,29835.52,Overdue,31
TXN_100095,PROJ_0098,2025-12-21,84985.75,Paid,0
TXN_100096,PROJ_0029,2025-12-07,90291.47,Paid,0
TXN_100097,PROJ_0016,2025-04-22,143768.38,Overdue,36
TXN_100098,PROJ_0077,2025-03-01,129974.18,Pending,0
TXN_100099,PROJ_0039,2025-04-20,20281.17,Pending,0
TXN_100100,PROJ_0025,2025-04-02,88561.01,Paid,0
TXN_100101,PROJ_0093,2026-02-08,31474.19,Paid,0
TXN_100102,PROJ_0064,2025-12-06,121063.8,Paid,0
TXN_100103,PROJ_0094,2025-08-29,78863.03,Paid,0
TXN_100104,PROJ_0084,2025-04-26,105270.68,Paid,0
TXN_100105,PROJ_0019,2026-02-08,12501.03,Pending,0
TXN_100106,PROJ_0035,2025-11-08,54312.19,Paid,0
TXN_100107,PROJ_0068,2025-06-24,64183.72,Pending,0
TXN_100108,PROJ_0054,2025-03-22,118556.05,Paid,0
TXN_100109,PROJ_0026,2026-02-05,118578.23,Paid,0
TXN_100110,PROJ_0039,2025-05-08,127808.74,Paid,0
TXN_100111,PROJ_0037,2025-07-01,137572.75,Paid,0
TXN_100112,PROJ_0065,2025-12-13,81771.12,Paid,0
TXN_100113,PROJ_0027,2026-01-31,145558.32,Pending,0
TXN_100114,PROJ_0017,2025-04-22,28166.73,Paid,0
TXN_100115,PROJ_0040,2025-03-23,38012.69,Paid,0
TXN_100116,PROJ_0064,2025-12-11,63354.02,Pending,0
TXN_100117,PROJ_0066,2025-04-30,34520.02,Paid,0
TXN_100118,PROJ_0097,2026-02-07,105824.38,Overdue,4
TXN_100119,PROJ_0099,2025-10-01,10305.08,Pending,0
TXN_100120,PROJ_0035,2025-04-28,43332.94,Paid,0
TXN_100121,PROJ_0088,2025-07-22,128435.14,Paid,0
TXN_100122,PROJ_0088,2025-08-31,87537.38,Paid,0
TXN_100123,PROJ_0073,2026-01-12,149601.07,Paid,0
TXN_100124,PROJ_0097,2025-10-16,72089.81,Paid,0
TXN_100125,PROJ_0033,2025-11-02,139800.63,Paid,0
TXN_100126,PROJ_0009,2025-11-04,107242.15,Paid,0
TXN_100127,PROJ_0083,2025-07-01,98336.29,Pending,0
TXN_100128,PROJ_0027,2025-03-03,120288.22,Paid,0
TXN_100129,PROJ_0059,2025-07-16,79379.1,Paid,0
TXN_100130,PROJ_0079,2025-09-07,71693.88,Paid,0
TXN_100131,PROJ_0018,2025-03-30,103527.72,Paid,0
TXN_100132,PROJ_0045,2025-06-07,45809.4,Paid,0
TXN_100133,PROJ_0021,2025-12-09,24241.19,Paid,0
TXN_100134,PROJ_0065,2025-04-07,78066.53,Paid,0
TXN_100135,PROJ_0067,2025-12-31,57240.59,Paid,0
TXN_100136,PROJ_0064,2025-03-03,45673.39,Paid,0
TXN_100137,PROJ_0056,2025-08-30,43468.81,Paid,0
TXN_100138,PROJ_0088,2025-09-10,5340.91,Pending,0
TXN_100139,PROJ_0040,2025-03-10,132149.66,Paid,0
TXN_100140,PROJ_0076,2025-06-30,99636.25,Paid,0
TXN_100141,PROJ_0015,2025-03-06,135008.03,Paid,0
TXN_100142,PROJ_0048,2025-09-26,45088.79,Paid,0
TXN_100143,PROJ_0028,2025-06-06,76915.0,Paid,0
TXN_100144,PROJ_0099,2025-08-15,20356.4,Paid,0
TXN_100145,PROJ_0013,2025-08-28,31076.58,Paid,0
TXN_100146,PROJ_0094,2025-10-01,40034.11,Paid,0
TXN_100147,PROJ_0009,2026-01-23,139695.32,Pending,0
TXN_100148,PROJ_0007,2025-11-10,138188.94,Paid,0
TXN_100149,PROJ_0080,2026-02-10,120330.71,Paid,0
TXN_100150,PROJ_0066,2025-12-15,93276.43,Paid,0
TXN_100151,PROJ_0050,2025-05-24,97105.53,Paid,0
TXN_100152,PROJ_0056,2025-06-20,147393.96,Paid,0
TXN_100153,PROJ_0016,2025-04-02,16436.96,Paid,0
TXN_100154,PROJ_0077,2025-07-16,105756.8,Pending,0
TXN_100155,PROJ_0100,2025-06-18,108050.88,Paid,0
TXN_100156,PROJ_0069,2026-02-13,9529.61,Paid,0
TXN_100157,PROJ_0024,2025-04-01,127187.33,Paid,0
TXN_100158,PROJ_0071,2025-08-18,70833.38,Paid,0
TXN_100159,PROJ_0019,2025-10-18,68191.66,Pending,0
TXN_100160,PROJ_0088,2025-12-30,68225.54,Paid,0
TXN_100161,PROJ_0074,2026-01-28,45945.18,Overdue,5
TXN_100162,PROJ_0031,2025-03-28,35158.27,Pending,0
TXN_100163,PROJ_0005,2025-11-23,96850.79,Paid,0
TXN_100164,PROJ_0098,2025-12-25,8043.17,Paid,0
TXN_100165,PROJ_0066,2025-07-31,86252.4,Paid,0
TXN_100166,PROJ_0001,2026-01-08,78537.88,Paid,0
TXN_100167,PROJ_0078,2025-11-17,8205.73,Pending,0
TXN_100168,PROJ_0028,2025-10-09,78346.24,Paid,0
TXN_100169,PROJ_0035,2025-05-24,127380.41,Pending,0
TXN_100170,PROJ_0008,2026-01-31,35504.8,Paid,0
TXN_100171,PROJ_0020,2025-04-28,53516.65,Paid,0
TXN_100172,PROJ_0062,2025-10-10,14349.56,Paid,0
TXN_100173,PROJ_0031,2025-07-31,125361.24,Paid,0
TXN_100174,PROJ_0072,2025-10-03,66900.3,Paid,0
TXN_100175,PROJ_0068,2025-05-11,112595.19,Paid,0
TXN_100176,PROJ_0023,2026-02-11,138202.83,Pending,0
TXN_100177,PROJ_0019,2025-05-01,36063.43,Paid,0
TXN_100178,PROJ_0028,2025-04-05,36421.36,Paid,0
TXN_100179,PROJ_0022,2025-09-21,105652.36,Paid,0
TXN_100180,PROJ_0050,2025-08-09,5006.85,Paid,0
TXN_100181,PROJ_0043,2025-03-14,144919.87,Paid,0
TXN_100182,PROJ_0085,2025-06-30,38092.47,Paid,0
TXN_100183,PROJ_0054,2025-07-09,78844.31,Paid,0
TXN_100184,PROJ_0040,2025-05-02,121150.95,Paid,0
TXN_100185,PROJ_0099,2025-03-25,22041.75,Paid,0
TXN_100186,PROJ_0032,2025-10-27,104022.96,Paid,0
TXN_100187,PROJ_0008,2025-04-01,80052.78,Paid,0
TXN_100188,PROJ_0001,2026-01-23,14218.74,Overdue,56
TXN_100189,PROJ_0019,2025-06-13,32661.43,Pending,0
TXN_100190,PROJ_0081,2025-06-01,126058.77,Paid,0
TXN_100191,PROJ_0098,2026-02-06,49368.07,Paid,0
TXN_100192,PROJ_0001,2025-11-25,40881.01,Paid,0
TXN_100193,PROJ_0050,2025-12-20,10942.22,Paid,0
TXN_100194,PROJ_0054,2025-10-14,148536.2,Paid,0
TXN_100195,PROJ_0085,2025-09-09,57023.27,Pending,0
TXN_100196,PROJ_0060,2025-06-03,84028.77,Paid,0
TXN_100197,PROJ_0012,2025-08-03,86963.52,Overdue,33
TXN_100198,PROJ_0086,2025-05-05,139152.49,Paid,0
TXN_100199,PROJ_0043,2025-02-28,135455.24,Paid,0
TXN_100200,PROJ_0074,2025-09-22,59502.36,Paid,0
TXN_100201,PROJ_0053,2025-09-16,124171.92,Paid,0
TXN_100202,PROJ_0050,2025-03-24,18838.59,Paid,0
TXN_100203,PROJ_0098,2026-02-25,43032.91,Paid,0
TXN_100204,PROJ_0057,2025-05-12,111046.48,Paid,0
TXN_100205,PROJ_0051,2025-06-11,133411.18,Paid,0
TXN_100206,PROJ_0088,2025-11-26,85715.22,Overdue,33
TXN_100207,PROJ_0051,2026-02-09,128765.59,Paid,0
TXN_100208,PROJ_0077,2025-10-02,22101.94,Overdue,58
TXN_100209,PROJ_0058,2025-06-13,21916.47,Pending,0
TXN_100210,PROJ_0090,2025-09-24,81924.43,Paid,0
TXN_100211,PROJ_0014,2025-12-18,37607.29,Pending,0
TXN_100212,PROJ_0073,2025-04-25,10330.12,Paid,0
TXN_100213,PROJ_0055,2025-03-30,133181.75,Pending,0
TXN_100214,PROJ_0069,2025-03-01,79668.89,Overdue,6
TXN_100215,PROJ_0031,2026-02-19,125528.42,Paid,0
TXN_100216,PROJ_0057,2025-09-19,126065.83,Paid,0
TXN_100217,PROJ_0076,2026-01-27,33606.02,Paid,0
TXN_100218,PROJ_0085,2025-04-09,147910.36,Paid,0
TXN_100219,PROJ_0032,2025-03-17,48149.57,Paid,0
TXN_100220,PROJ_0099,2025-04-06,138616.22,Paid,0
TXN_100221,PROJ_0016,2025-05-15,111426.27,Paid,0
TXN_100222,PROJ_0055,2025-05-20,113889.67,Paid,0
TXN_100223,PROJ_0055,2025-04-22,144792.42,Paid,0
TXN_100224,PROJ_0066,2025-03-18,92216.68,Paid,0
TXN_100225,PROJ_0094,2025-07-01,105267.66,Paid,0
TXN_100226,PROJ_0033,2026-02-18,54502.77,Paid,0
TXN_100227,PROJ_0091,2026-01-27,58318.71,Paid,0
TXN_100228,PROJ_0015,2025-08-19,103533.29,Paid,0
TXN_100229,PROJ_0074,2025-03-21,16752.98,Paid,0
TXN_100230,PROJ_0074,2025-08-11,80881.1,Pending,0
TXN_100231,PROJ_0038,2026-02-02,148265.35,Overdue,2
TXN_100232,PROJ_0087,2025-05-02,61886.03,Paid,0
TXN_100233,PROJ_0061,2026-01-08,117370.41,Paid,0
TXN_100234,PROJ_0056,2026-01-05,40082.2,Paid,0
TXN_100235,PROJ_0028,2025-03-06,19442.73,Paid,0
TXN_100236,PROJ_0025,2025-10-13,145516.85,Paid,0
TXN_100237,PROJ_0046,2025-03-16,70183.23,Pending,0
TXN_100238,PROJ_0093,2025-05-15,141576.0,Paid,0
TXN_100239,PROJ_0006,2025-07-04,130741.31,Paid,0
TXN_100240,PROJ_0040,2025-06-04,78842.71,Pending,0
TXN_100241,PROJ_0068,2025-07-20,65577.46,Paid,0
TXN_100242,PROJ_0073,2025-03-13,84159.72,Paid,0
TXN_100243,PROJ_0072,2025-03-29,63418.2,Paid,0
TXN_100244,PROJ_0064,2025-08-29,80333.72,Paid,0
TXN_100245,PROJ_0066,2025-08-21,98569.57,Pending,0
TXN_100246,PROJ_0018,2025-05-13,43610.69,Paid,0
TXN_100247,PROJ_0075,2025-03-07,36459.96,Pending,0
TXN_100248,PROJ_0085,2025-12-29,25697.78,Paid,0
TXN_100249,PROJ_0061,2025-05-11,13625.48,Pending,0
TXN_100250,PROJ_0068,2025-04-14,81982.53,Paid,0
TXN_100251,PROJ_0038,2025-12-27,34730.35,Pending,0
TXN_100252,PROJ_0004,2025-07-20,95166.13,Paid,0
TXN_100253,PROJ_0047,2025-05-17,101546.26,Paid,0
TXN_100254,PROJ_0070,2025-07-11,135424.16,Paid,0
TXN_100255,PROJ_0039,2025-05-19,128289.97,Overdue,53
TXN_100256,PROJ_0024,2025-07-09,126940.22,Paid,0
TXN_100257,PROJ_0063,2025-04-06,74894.17,Paid,0
TXN_100258,PROJ_0050,2025-06-19,99162.63,Paid,0
TXN_100259,PROJ_0084,2026-02-01,23138.8,Paid,0
TXN_100260,PROJ_0019,2025-12-29,32313.77,Paid,0
TXN_100261,PROJ_0080,2025-09-09,108230.84,Pending,0
TXN_100262,PROJ_0082,2025-09-03,8532.74,Paid,0
TXN_100263,PROJ_0036,2026-01-13,13084.53,Paid,0
TXN_100264,PROJ_0043,2025-05-24,91692.83,Paid,0
TXN_100265,PROJ_0004,2025-04-22,91990.81,Paid,0
TXN_100266,PROJ_0069,2026-02-02,110560.24,Paid,0
TXN_100267,PROJ_0023,2025-05-29,52927.51,Paid,0
TXN_100268,PROJ_0069,2026-01-01,125335.35,Paid,0
TXN_100269,PROJ_0026,2025-10-19,119586.32,Paid,0
TXN_100270,PROJ_0024,2026-01-21,22175.08,Overdue,30
TXN_100271,PROJ_0089,2025-10-11,115681.26,Paid,0
TXN_100272,PROJ_0073,2025-12-25,64735.14,Paid,0
TXN_100273,PROJ_0043,2025-10-05,118281.88,Overdue,9
TXN_100274,PROJ_0041,2025-08-17,142885.39,Paid,0
TXN_100275,PROJ_0045,2025-04-07,30525.33,Pending,0
TXN_100276,PROJ_0071,2026-01-28,79013.42,Paid,0
TXN_100277,PROJ_0055,2025-12-04,105203.36,Overdue,13
TXN_100278,PROJ_0050,2025-03-26,119820.9,Paid,0
TXN_100279,PROJ_0070,2025-06-06,79987.5,Paid,0
TXN_100280,PROJ_0027,2026-01-06,29847.89,Paid,0
TXN_100281,PROJ_0005,2026-02-28,75509.61,Paid,0
TXN_100282,PROJ_0018,2025-10-04,59913.57,Overdue,44
TXN_100283,PROJ_0050,2025-09-18,22973.62,Paid,0
TXN_100284,PROJ_0092,2025-06-15,44153.65,Paid,0
TXN_100285,PROJ_0044,2026-01-31,38020.39,Paid,0
TXN_100286,PROJ_0067,2025-04-03,78394.98,Paid,0
TXN_100287,PROJ_0094,2025-09-25,29930.34,Overdue,45
TXN_100288,PROJ_0048,2026-02-05,24039.35,Paid,0
TXN_100289,PROJ_0030,2025-12-09,143074.44,Paid,0
TXN_100290,PROJ_0076,2025-11-19,7987.2,Paid,0
TXN_100291,PROJ_0056,2025-06-18,17064.48,Overdue,28
TXN_100292,PROJ_0066,2025-03-17,127538.35,Paid,0
TXN_100293,PROJ_0020,2025-06-30,140536.08,Pending,0
TXN_100294,PROJ_0054,2025-05-29,49648.56,Pending,0
TXN_100295,PROJ_0027,2025-09-27,40808.34,Paid,0
TXN_100296,PROJ_0018,2025-04-13,70827.05,Overdue,45
TXN_100297,PROJ_0070,2025-06-10,121072.4,Paid,0
TXN_100298,PROJ_0088,2026-01-20,138977.88,Paid,0
TXN_100299,PROJ_0039,2026-02-10,39814.29,Paid,0
TXN_100300,PROJ_0018,2025-04-25,27345.23,Paid,0
TXN_100301,PROJ_0008,2025-05-07,113807.92,Paid,0
TXN_100302,PROJ_0028,2025-10-13,33576.96,Paid,0
TXN_100303,PROJ_0063,2025-08-03,65445.92,Paid,0
TXN_100304,PROJ_0048,2025-09-27,75493.54,Paid,0
TXN_100305,PROJ_0076,2025-09-04,68017.43,Paid,0
TXN_100306,PROJ_0073,2025-07-27,7677.14,Paid,0
TXN_100307,PROJ_0003,2025-12-06,102724.13,Pending,0
TXN_100308,PROJ_0020,2025-10-21,23036.04,Paid,0
TXN_100309,PROJ_0100,2025-09-01,118132.84,Paid,0
TXN_100310,PROJ_0041,2025-12-23,24300.52,Pending,0
TXN_100311,PROJ_0051,2025-06-25,19603.69,Paid,0
TXN_100312,PROJ_0034,2026-01-12,74856.85,Paid,0
TXN_100313,PROJ_0079,2025-11-30,114162.28,Overdue,24
TXN_100314,PROJ_0036,2025-09-04,28035.69,Paid,0
TXN_100315,PROJ_0076,2026-02-13,62367.85,Pending,0
TXN_100316,PROJ_0070,2025-04-14,120027.14,Paid,0
TXN_100317,PROJ_0007,2025-12-26,52227.55,Paid,0
TXN_100318,PROJ_0001,2025-03-30,111058.35,Overdue,40
TXN_100319,PROJ_0070,2025-12-09,106029.67,Overdue,44
TXN_100320,PROJ_0001,2026-02-12,9321.09,Paid,0
TXN_100321,PROJ_0039,2025-08-02,124446.22,Paid,0
TXN_100322,PROJ_0093,2025-03-04,105793.7,Paid,0
TXN_100323,PROJ_0059,2026-01-04,40238.57,Pending,0
TXN_100324,PROJ_0073,2026-01-28,34975.19,Paid,0
TXN_100325,PROJ_0067,2025-06-09,78103.04,Paid,0
TXN_100326,PROJ_0090,2025-11-02,140874.92,Overdue,27
TXN_100327,PROJ_0044,2025-04-25,94170.18,Overdue,22
TXN_100328,PROJ_0057,2025-10-12,142223.19,Paid,0
TXN_100329,PROJ_0033,2025-11-16,6653.71,Pending,0
TXN_100330,PROJ_0050,2026-02-28,54585.69,Paid,0
TXN_100331,PROJ_0040,2025-03-21,128774.93,Overdue,60
TXN_100332,PROJ_0033,2025-08-06,137392.54,Paid,0
TXN_100333,PROJ_0096,2025-05-20,25722.69,Pending,0
TXN_100334,PROJ_0026,2025-07-19,93548.34,Pending,0
TXN_100335,PROJ_0001,2025-06-07,107230.77,Paid,0
TXN_100336,PROJ_0065,2025-04-26,23178.4,Paid,0
TXN_100337,PROJ_0096,2025-11-08,128945.94,Overdue,11
TXN_100338,PROJ_0036,2025-04-03,132642.45,Paid,0
TXN_100339,PROJ_0058,2026-02-10,75419.38,Overdue,60
TXN_100340,PROJ_0033,2025-10-18,80375.29,Paid,0
TXN_100341,PROJ_0098,2026-01-27,55374.57,Paid,0
TXN_100342,PROJ_0090,2025-11-11,125989.92,Paid,0
TXN_100343,PROJ_0019,2025-11-12,91905.62,Paid,0
TXN_100344,PROJ_0097,2025-11-21,49602.22,Paid,0
TXN_100345,PROJ_0017,2025-05-15,101708.6,Paid,0
TXN_100346,PROJ_0028,2025-12-05,93854.57,Pending,0
TXN_100347,PROJ_0054,2025-05-19,126845.13,Paid,0
TXN_100348,PROJ_0020,2025-09-30,41402.6,Paid,0
TXN_100349,PROJ_0013,2025-03-28,55682.02,Paid,0
TXN_100350,PROJ_0095,2025-10-25,21065.86,Paid,0
TXN_100351,PROJ_0076,2025-09-17,71730.53,Paid,0
TXN_100352,PROJ_0089,2025-06-12,132812.82,Paid,0
TXN_100353,PROJ_0019,2025-08-18,121346.62,Paid,0
TXN_100354,PROJ_0031,2025-04-08,55934.77,Paid,0
TXN_100355,PROJ_0051,2026-02-05,124776.2,Paid,0
TXN_100356,PROJ_0097,2025-09-25,118866.31,Paid,0
TXN_100357,PROJ_0070,2025-10-21,11913.63,Paid,0
TXN_100358,PROJ_0074,2025-04-10,5862.98,Paid,0
TXN_100359,PROJ_0082,2025-03-06,129326.95,Paid,0
TXN_100360,PROJ_0045,2025-09-03,125109.5,Overdue,22
TXN_100361,PROJ_0077,2025-04-25,60135.59,Paid,0
TXN_100362,PROJ_0050,2026-01-12,20715.47,Paid,0
TXN_100363,PROJ_0090,2025-07-25,5575.89,Paid,0
TXN_100364,PROJ_0075,2025-10-13,114779.6,Paid,0
TXN_100365,PROJ_0030,2025-07-11,29339.76,Paid,0
TXN_100366,PROJ_0084,2026-02-02,121741.85,Paid,0
TXN_100367,PROJ_0059,2025-09-29,36248.24,Paid,0
TXN_100368,PROJ_0073,2026-01-27,38955.38,Paid,0
TXN_100369,PROJ_0010,2025-06-11,75000.68,Paid,0
TXN_100370,PROJ_0007,2025-07-30,74187.78,Pending,0
TXN_100371,PROJ_0076,2025-11-23,19357.9,Paid,0
TXN_100372,PROJ_0080,2025-08-25,72655.23,Paid,0
TXN_100373,PROJ_0092,2025-06-03,121325.16,Paid,0
TXN_100374,PROJ_0009,2025-07-30,66395.03,Paid,0
TXN_100375,PROJ_0079,2025-06-10,27625.19,Paid,0
TXN_100376,PROJ_0023,2025-06-24,54520.7,Paid,0
TXN_100377,PROJ_0038,2025-07-27,63430.12,Paid,0
TXN_100378,PROJ_0062,2025-03-15,137536.74,Paid,0
TXN_100379,PROJ_0074,2025-09-18,104943.84,Pending,0
TXN_100380,PROJ_0065,2025-03-30,70827.04,Overdue,40
TXN_100381,PROJ_0008,2026-01-24,62005.97,Paid,0
TXN_100382,PROJ_0023,2025-08-10,101180.54,Paid,0
TXN_100383,PROJ_0093,2025-11-19,148845.52,Paid,0
TXN_100384,PROJ_0065,2025-10-03,42844.9,Pending,0
TXN_100385,PROJ_0001,2025-03-02,123584.69,Paid,0
TXN_100386,PROJ_0037,2025-11-16,66907.66,Paid,0
TXN_100387,PROJ_0007,2025-12-15,15113.3,Paid,0
TXN_100388,PROJ_0087,2025-04-26,14231.41,Paid,0
TXN_100389,PROJ_0083,2025-06-15,51078.68,Pending,0
TXN_100390,PROJ_0003,2025-04-09,99324.85,Paid,0
TXN_100391,PROJ_0058,2025-08-25,32446.28,Paid,0
TXN_100392,PROJ_0062,2025-04-27,39033.09,Paid,0
TXN_100393,PROJ_0054,2025-04-21,98117.1,Pending,0
TXN_100394,PROJ_0094,2025-12-01,105424.14,Paid,0
TXN_100395,PROJ_0071,2025-06-07,49056.42,Pending,0
TXN_100396,PROJ_0066,2025-05-03,19809.38,Paid,0
TXN_100397,PROJ_0002,2025-05-25,88737.54,Paid,0
TXN_100398,PROJ_0083,2025-10-26,36914.18,Pending,0
TXN_100399,PROJ_0031,2025-12-16,51795.18,Pending,0
TXN_100400,PROJ_0025,2025-05-12,105876.65,Pending,0
TXN_100401,PROJ_0029,2025-07-13,36090.74,Paid,0
TXN_100402,PROJ_0045,2025-04-21,70661.65,Paid,0
TXN_100403,PROJ_0053,2025-07-21,100604.34,Paid,0
TXN_100404,PROJ_0002,2026-01-27,12467.68,Paid,0
TXN_100405,PROJ_0092,2025-09-16,114271.14,Paid,0
TXN_100406,PROJ_0087,2025-10-16,112200.11,Pending,0
TXN_100407,PROJ_0045,2026-01-11,14921.36,Paid,0
TXN_100408,PROJ_0065,2025-10-28,129896.78,Paid,0
TXN_100409,PROJ_0084,2025-11-02,27102.51,Paid,0
TXN_100410,PROJ_0053,2025-06-19,117107.26,Paid,0
TXN_100411,PROJ_0062,2025-03-12,130341.89,Paid,0
TXN_100412,PROJ_0099,2025-05-01,91164.34,Paid,0
TXN_100413,PROJ_0083,2025-11-07,28707.36,Paid,0
TXN_100414,PROJ_0085,2025-03-17,120197.1,Overdue,6
TXN_100415,PROJ_0033,2025-05-26,99726.25,Paid,0
TXN_100416,PROJ_0052,2025-10-29,39197.77,Pending,0
TXN_100417,PROJ_0076,2025-11-02,55984.82,Paid,0
TXN_100418,PROJ_0055,2025-04-07,149774.5,Paid,0
TXN_100419,PROJ_0034,2025-06-22,11864.15,Paid,0
TXN_100420,PROJ_0061,2025-04-18,63337.9,Paid,0
TXN_100421,PROJ_0037,2025-04-26,79300.74,Paid,0
TXN_100422,PROJ_0026,2026-01-02,72728.67,Paid,0
TXN_100423,PROJ_0021,2026-02-26,25993.43,Overdue,30
TXN_100424,PROJ_0030,2025-07-11,30799.93,Paid,0
TXN_100425,PROJ_0022,2025-09-07,52653.35,Paid,0
TXN_100426,PROJ_0064,2025-11-05,35331.28,Paid,0
TXN_100427,PROJ_0054,2025-09-14,110145.3,Pending,0
TXN_100428,PROJ_0041,2025-12-04,13206.29,Paid,0
TXN_100429,PROJ_0037,2026-02-01,91182.3,Paid,0
TXN_100430,PROJ_0085,2026-02-05,120172.42,Paid,0
TXN_100431,PROJ_0048,2025-03-28,20688.24,Paid,0
TXN_100432,PROJ_0043,2025-11-24,88667.99,Paid,0
TXN_100433,PROJ_0097,2025-04-10,135059.58,Pending,0
TXN_100434,PROJ_0094,2025-10-26,136196.28,Paid,0
TXN_100435,PROJ_0015,2025-07-19,9724.11,Overdue,30
TXN_100436,PROJ_0065,2025-10-10,112305.17,Paid,0
TXN_100437,PROJ_0007,2025-06-09,56716.38,Overdue,54
TXN_100438,PROJ_0025,2025-10-25,64924.45,Paid,0
TXN_100439,PROJ_0075,2025-03-20,66917.71,Paid,0
TXN_100440,PROJ_0083,2025-08-21,76201.0,Paid,0
TXN_100441,PROJ_0035,2025-04-21,72386.93,Paid,0
TXN_100442,PROJ_0047,2025-03-11,83138.03,Pending,0
TXN_100443,PROJ_0014,2025-10-28,103666.68,Paid,0
TXN_100444,PROJ_0083,2025-12-03,70729.03,Paid,0
TXN_100445,PROJ_0089,2026-01-16,30801.3,Pending,0
TXN_100446,PROJ_0021,2025-09-29,130186.83,Overdue,44
TXN_100447,PROJ_0079,2025-12-19,68530.46,Pending,0
TXN_100448,PROJ_0035,2025-10-02,63991.94,Paid,0
TXN_100449,PROJ_0049,2026-02-21,123350.49,Paid,0
TXN_100450,PROJ_0045,2026-01-23,57442.87,Paid,0
TXN_100451,PROJ_0047,2025-12-20,69441.27,Paid,0
TXN_100452,PROJ_0038,2025-08-14,149031.55,Paid,0
TXN_100453,PROJ_0079,2025-06-28,19118.56,Paid,0
TXN_100454,PROJ_0071,2025-10-11,132753.35,Paid,0
TXN_100455,PROJ_0057,2025-03-08,36618.99,Paid,0
TXN_100456,PROJ_0071,2025-04-01,40658.03,Paid,0
TXN_100457,PROJ_0063,2025-10-28,111247.01,Paid,0
TXN_100458,PROJ_0003,2025-03-02,6063.52,Paid,0
TXN_100459,PROJ_0027,2026-02-02,119018.93,Paid,0
TXN_100460,PROJ_0005,2025-09-11,18850.94,Paid,0
TXN_100461,PROJ_0030,2026-02-26,138087.72,Paid,0
TXN_100462,PROJ_0073,2026-02-03,27939.65,Paid,0
TXN_100463,PROJ_0048,2025-06-22,54560.99,Pending,0
TXN_100464,PROJ_0038,2025-04-13,34129.23,Paid,0
TXN_100465,PROJ_0089,2025-12-27,92280.21,Paid,0
TXN_100466,PROJ_0020,2026-01-07,76843.24,Paid,0
TXN_100467,PROJ_0005,2026-02-24,104018.67,Paid,0
TXN_100468,PROJ_0088,2025-06-28,57440.37,Paid,0
TXN_100469,PROJ_0018,2025-12-25,71454.73,Paid,0
TXN_100470,PROJ_0062,2026-01-11,119393.83,Paid,0
TXN_100471,PROJ_0058,2025-11-16,5912.2,Pending,0
TXN_100472,PROJ_0007,2025-08-03,33003.88,Paid,0
TXN_100473,PROJ_0017,2025-11-27,102944.74,Paid,0
TXN_100474,PROJ_0053,2026-01-07,50855.55,Paid,0
TXN_100475,PROJ_0066,2025-05-10,68915.71,Paid,0
TXN_100476,PROJ_0017,2025-11-17,87565.8,Paid,0
TXN_100477,PROJ_0009,2025-03-08,61671.61,Overdue,29
TXN_100478,PROJ_0022,2025-09-01,114316.72,Paid,0
TXN_100479,PROJ_0018,2025-10-04,72740.16,Paid,0
TXN_100480,PROJ_0040,2025-07-31,136672.47,Paid,0
TXN_100481,PROJ_0008,2025-11-24,103620.67,Paid,0
TXN_100482,PROJ_0018,2025-06-07,34496.59,Overdue,27
TXN_100483,PROJ_0085,2025-03-31,22559.29,Paid,0
TXN_100484,PROJ_0062,2026-01-25,106758.32,Overdue,51
TXN_100485,PROJ_0023,2025-08-20,122546.55,Paid,0
TXN_100486,PROJ_0023,2026-01-05,88058.81,Paid,0
TXN_100487,PROJ_0082,2026-01-10,50977.2,Paid,0
TXN_100488,PROJ_0029,2025-03-06,77943.25,Paid,0
TXN_100489,PROJ_0014,2025-11-16,136450.61,Paid,0
TXN_100490,PROJ_0063,2025-03-14,24991.12,Paid,0
TXN_100491,PROJ_0098,2025-03-01,75033.62,Pending,0
TXN_100492,PROJ_0090,2025-05-31,115610.59,Overdue,19
TXN_100493,PROJ_0093,2025-03-20,140425.57,Overdue,15
TXN_100494,PROJ_0002,2026-02-11,41926.18,Paid,0
TXN_100495,PROJ_0033,2025-11-13,8502.17,Paid,0
TXN_100496,PROJ_0019,2025-03-02,38677.18,Paid,0
TXN_100497,PROJ_0095,2025-12-10,110038.17,Pending,0
TXN_100498,PROJ_0049,2026-01-04,10678.88,Paid,0
TXN_100499,PROJ_0003,2025-04-25,126579.6,Paid,0
TXN_100500,PROJ_0026,2026-01-08,21487.14,Paid,0
TXN_100501,PROJ_0006,2025-05-08,49878.88,Pending,0
TXN_100502,PROJ_0072,2025-05-22,108728.26,Paid,0
TXN_100503,PROJ_0005,2025-07-22,140389.9,Paid,0
TXN_100504,PROJ_0063,2025-06-23,148061.32,Paid,0
TXN_100505,PROJ_0070,2025-06-29,106880.35,Paid,0
TXN_100506,PROJ_0093,2025-07-06,43492.81,Pending,0
TXN_100507,PROJ_0049,2026-01-26,87108.57,Paid,0
TXN_100508,PROJ_0100,2025-11-06,129920.96,Overdue,23
TXN_100509,PROJ_0068,2025-05-08,42155.85,Paid,0
TXN_100510,PROJ_0020,2025-05-11,142199.79,Pending,0
TXN_100511,PROJ_0047,2025-03-22,17345.27,Paid,0
TXN_100512,PROJ_0051,2025-09-16,10582.12,Paid,0
TXN_100513,PROJ_0028,2025-07-13,48324.58,Pending,0
TXN_100514,PROJ_0061,2025-04-19,70203.26,Paid,0
TXN_100515,PROJ_0053,2025-12-11,10007.96,Paid,0
TXN_100516,PROJ_0079,2025-07-24,97586.63,Paid,0
TXN_100517,PROJ_0074,2025-07-20,132156.48,Paid,0
TXN_100518,PROJ_0080,2025-09-10,25894.31,Paid,0
TXN_100519,PROJ_0047,2026-02-21,35521.6,Paid,0
TXN_100520,PROJ_0100,2025-05-09,55436.5,Paid,0
TXN_100521,PROJ_0007,2025-03-25,118106.84,Overdue,18
TXN_100522,PROJ_0010,2025-05-26,79847.5,Paid,0
TXN_100523,PROJ_0027,2026-02-14,55860.29,Overdue,51
TXN_100524,PROJ_0065,2025-09-16,143212.79,Pending,0
TXN_100525,PROJ_0087,2025-03-31,80127.05,Pending,0
TXN_100526,PROJ_0013,2025-05-22,137012.63,Overdue,52
TXN_100527,PROJ_0085,2025-04-14,32128.2,Paid,0
TXN_100528,PROJ_0036,2025-09-17,131648.88,Paid,0
TXN_100529,PROJ_0058,2025-07-18,27714.61,Paid,0
TXN_100530,PROJ_0020,2025-03-23,93735.26,Paid,0
TXN_100531,PROJ_0052,2025-11-12,131618.12,Paid,0
TXN_100532,PROJ_0049,2025-09-26,43272.99,Overdue,33
TXN_100533,PROJ_0009,2025-09-03,27163.66,Overdue,51
TXN_100534,PROJ_0025,2025-12-23,146682.15,Paid,0
TXN_100535,PROJ_0025,2025-08-21,76325.13,Paid,0
TXN_100536,PROJ_0097,2026-02-06,65302.8,Paid,0
TXN_100537,PROJ_0015,2025-10-15,52791.91,Paid,0
TXN_100538,PROJ_0044,2025-10-08,86561.18,Paid,0
TXN_100539,PROJ_0076,2025-11-21,43019.6,Paid,0
TXN_100540,PROJ_0008,2026-02-11,139012.99,Paid,0
TXN_100541,PROJ_0074,2025-04-29,43234.15,Overdue,51
TXN_100542,PROJ_0016,2026-01-01,52799.99,Paid,0
TXN_100543,PROJ_0099,2025-10-30,132038.48,Paid,0
TXN_100544,PROJ_0020,2025-08-23,111816.81,Overdue,30
TXN_100545,PROJ_0067,2025-11-29,118165.29,Pending,0
TXN_100546,PROJ_0011,2026-01-06,32547.99,Pending,0
TXN_100547,PROJ_0093,2026-01-11,45338.72,Overdue,22
TXN_100548,PROJ_0057,2025-09-15,128541.43,Paid,0
TXN_100549,PROJ_0064,2025-06-20,70994.19,Pending,0
TXN_100550,PROJ_0054,2025-04-09,32539.34,Overdue,16
TXN_100551,PROJ_0094,2025-07-25,25103.53,Overdue,53
TXN_100552,PROJ_0016,2025-11-16,25196.35,Overdue,40
TXN_100553,PROJ_0007,2025-12-13,97013.48,Overdue,13
TXN_100554,PROJ_0013,2025-04-30,111414.9,Paid,0
TXN_100555,PROJ_0051,2025-09-15,24759.27,Paid,0
TXN_100556,PROJ_0012,2026-02-07,53691.34,Paid,0
TXN_100557,PROJ_0007,2025-07-31,23171.95,Paid,0
TXN_100558,PROJ_0061,2025-07-27,62115.68,Pending,0
TXN_100559,PROJ_0029,2025-12-20,27910.1,Paid,0
TXN_100560,PROJ_0064,2025-04-02,52991.89,Paid,0
TXN_100561,PROJ_0023,2025-05-28,31013.7,Paid,0
TXN_100562,PROJ_0081,2025-05-30,134057.3,Paid,0
TXN_100563,PROJ_0098,2025-04-25,140997.42,Paid,0
TXN_100564,PROJ_0029,2025-07-08,33210.71,Paid,0
TXN_100565,PROJ_0063,2026-01-13,33204.98,Paid,0
TXN_100566,PROJ_0079,2025-07-08,15833.5,Paid,0
TXN_100567,PROJ_0035,2025-08-03,136084.21,Paid,0
TXN_100568,PROJ_0035,2025-10-21,85947.8,Paid,0
TXN_100569,PROJ_0002,2026-01-09,116010.75,Overdue,29
TXN_100570,PROJ_0016,2025-05-10,88080.31,Pending,0
TXN_100571,PROJ_0056,2025-12-06,20469.52,Paid,0
TXN_100572,PROJ_0023,2025-08-28,60881.65,Pending,0
TXN_100573,PROJ_0027,2025-05-02,75091.78,Paid,0
TXN_100574,PROJ_0052,2025-11-25,15576.2,Paid,0
TXN_100575,PROJ_0024,2025-04-08,30388.05,Paid,0
TXN_100576,PROJ_0026,2026-01-29,14784.77,Paid,0
TXN_100577,PROJ_0044,2025-05-23,50137.37,Paid,0
TXN_100578,PROJ_0061,2025-11-12,62600.27,Paid,0
TXN_100579,PROJ_0087,2025-10-31,100605.83,Pending,0
TXN_100580,PROJ_0042,2025-04-17,83658.32,Paid,0
TXN_100581,PROJ_0063,2025-10-04,105293.76,Pending,0
TXN_100582,PROJ_0019,2026-01-06,48375.95,Paid,0
TXN_100583,PROJ_0050,2025-08-20,53661.56,Paid,0
TXN_100584,PROJ_0066,2025-06-11,130762.32,Paid,0
TXN_100585,PROJ_0088,2025-09-11,70920.06,Pending,0
TXN_100586,PROJ_0044,2025-12-15,101189.84,Paid,0
TXN_100587,PROJ_0079,2025-11-25,100357.88,Paid,0
TXN_100588,PROJ_0036,2025-04-13,101373.77,Paid,0
TXN_100589,PROJ_0067,2025-07-11,78038.92,Overdue,41
TXN_100590,PROJ_0063,2025-03-16,97062.81,Paid,0
TXN_100591,PROJ_0009,2025-03-11,140763.21,Paid,0
TXN_100592,PROJ_0093,2025-11-27,140856.17,Paid,0
TXN_100593,PROJ_0091,2025-08-05,149249.85,Paid,0
TXN_100594,PROJ_0042,2025-05-15,137980.3,Overdue,40
TXN_100595,PROJ_0098,2025-03-01,149746.0,Pending,0
TXN_100596,PROJ_0088,2025-06-18,24123.18,Paid,0
TXN_100597,PROJ_0097,2025-07-30,57938.03,Paid,0
TXN_100598,PROJ_0027,2025-04-16,13142.13,Pending,0
TXN_100599,PROJ_0093,2025-11-20,100158.68,Paid,0
TXN_100600,PROJ_0030,2025-11-08,55807.78,Paid,0
TXN_100601,PROJ_0079,2025-12-06,76404.96,Paid,0
TXN_100602,PROJ_0049,2025-11-15,21335.78,Paid,0
TXN_100603,PROJ_0051,2025-09-15,91688.21,Paid,0
TXN_100604,PROJ_0090,2025-04-21,140919.3,Paid,0
TXN_100605,PROJ_0004,2025-03-18,23530.07,Pending,0
TXN_100606,PROJ_0024,2026-02-23,137639.91,Pending,0
TXN_100607,PROJ_0016,2025-04-10,7181.79,Pending,0
TXN_100608,PROJ_0090,2026-01-01,109199.74,Paid,0
TXN_100609,PROJ_0069,2025-06-14,63831.89,Paid,0
TXN_100610,PROJ_0081,2026-01-31,137687.44,Overdue,13
TXN_100611,PROJ_0016,2026-02-28,30852.88,Paid,0
TXN_100612,PROJ_0063,2025-08-10,48956.04,Pending,0
TXN_100613,PROJ_0013,2025-08-15,141350.48,Overdue,45
TXN_100614,PROJ_0078,2025-05-09,106183.96,Paid,0
TXN_100615,PROJ_0065,2026-02-03,85556.16,Paid,0
TXN_100616,PROJ_0021,2025-05-26,63998.91,Paid,0
TXN_100617,PROJ_0048,2026-01-27,132762.2,Paid,0
TXN_100618,PROJ_0055,2025-03-20,18885.99,Paid,0
TXN_100619,PROJ_0021,2025-12-25,115251.12,Paid,0
TXN_100620,PROJ_0001,2025-06-27,63303.98,Pending,0
TXN_100621,PROJ_0018,2025-08-21,90297.6,Paid,0
TXN_100622,PROJ_0023,2025-05-09,10933.69,Paid,0
TXN_100623,PROJ_0029,2025-09-05,21552.86,Paid,0
TXN_100624,PROJ_0076,2025-10-30,99593.56,Paid,0
TXN_100625,PROJ_0014,2026-01-26,147451.32,Paid,0
TXN_100626,PROJ_0030,2025-08-31,64404.86,Paid,0
TXN_100627,PROJ_0071,2026-01-13,93523.1,Paid,0
TXN_100628,PROJ_0025,2026-02-10,97687.06,Paid,0
TXN_100629,PROJ_0091,2026-01-18,34568.17,Paid,0
TXN_100630,PROJ_0073,2025-10-18,77897.17,Overdue,54
TXN_100631,PROJ_0009,2025-05-18,9022.57,Overdue,25
TXN_100632,PROJ_0036,2025-08-30,116033.37,Overdue,34
TXN_100633,PROJ_0050,2025-10-04,76381.68,Paid,0
TXN_100634,PROJ_0040,2025-12-30,83968.59,Paid,0
TXN_100635,PROJ_0073,2025-11-22,24169.89,Paid,0
TXN_100636,PROJ_0086,2025-06-01,59074.35,Paid,0
TXN_100637,PROJ_0021,2025-06-12,57106.67,Paid,0
TXN_100638,PROJ_0066,2025-03-18,44815.16,Paid,0
TXN_100639,PROJ_0086,2025-09-22,102265.28,Paid,0
TXN_100640,PROJ_0050,2026-01-05,33511.44,Paid,0
TXN_100641,PROJ_0081,2025-05-08,74799.9,Paid,0
TXN_100642,PROJ_0071,2026-02-05,71937.64,Paid,0
TXN_100643,PROJ_0008,2025-07-31,144128.62,Paid,0
TXN_100644,PROJ_0066,2025-06-09,144266.11,Paid,0
TXN_100645,PROJ_0028,2025-08-15,89887.15,Pending,0
TXN_100646,PROJ_0050,2025-11-24,103319.24,Overdue,17
TXN_100647,PROJ_0007,2025-10-11,31610.62,Paid,0
TXN_100648,PROJ_0009,2025-04-05,106662.35,Paid,0
TXN_100649,PROJ_0040,2025-06-27,7364.78,Overdue,14
TXN_100650,PROJ_0099,2025-05-04,96929.74,Pending,0
TXN_100651,PROJ_0091,2025-07-06,25477.48,Overdue,60
TXN_100652,PROJ_0057,2025-06-04,40748.07,Paid,0
TXN_100653,PROJ_0059,2026-01-17,52745.91,Paid,0
TXN_100654,PROJ_0044,2025-12-30,55550.62,Paid,0
TXN_100655,PROJ_0007,2025-06-26,120679.5,Paid,0
TXN_100656,PROJ_0007,2025-05-28,60328.72,Overdue,59
TXN_100657,PROJ_0046,2025-04-11,15302.75,Paid,0
TXN_100658,PROJ_0073,2025-08-17,31649.47,Paid,0
TXN_100659,PROJ_0063,2026-01-21,138727.46,Paid,0
TXN_100660,PROJ_0044,2025-04-01,83775.66,Paid,0
TXN_100661,PROJ_0058,2025-05-04,73359.82,Paid,0
TXN_100662,PROJ_0010,2025-12-08,129835.04,Overdue,58
TXN_100663,PROJ_0079,2025-04-23,122447.26,Paid,0
TXN_100664,PROJ_0037,2025-10-23,48221.53,Paid,0
TXN_100665,PROJ_0060,2025-03-06,112842.71,Overdue,49
TXN_100666,PROJ_0078,2025-09-10,18013.38,Pending,0
TXN_100667,PROJ_0040,2026-01-16,116613.34,Paid,0
TXN_100668,PROJ_0028,2025-09-23,32946.82,Paid,0
TXN_100669,PROJ_0088,2025-10-18,137464.61,Paid,0
TXN_100670,PROJ_0074,2025-06-24,28492.94,Paid,0
TXN_100671,PROJ_0084,2026-01-05,93103.16,Paid,0
TXN_100672,PROJ_0032,2025-11-08,96984.48,Overdue,28
TXN_100673,PROJ_0009,2025-05-31,10221.5,Paid,0
TXN_100674,PROJ_0053,2025-12-12,56306.17,Paid,0
TXN_100675,PROJ_0002,2025-12-21,64359.43,Paid,0
TXN_100676,PROJ_0083,2025-12-19,22632.02,Paid,0
TXN_100677,PROJ_0067,2026-02-13,118393.09,Paid,0
TXN_100678,PROJ_0098,2025-10-15,83253.02,Paid,0
TXN_100679,PROJ_0099,2025-11-03,28411.95,Paid,0
TXN_100680,PROJ_0090,2025-10-25,147767.42,Paid,0
TXN_100681,PROJ_0013,2025-05-11,35244.2,Pending,0
TXN_100682,PROJ_0006,2025-03-04,21924.73,Paid,0
TXN_100683,PROJ_0082,2025-06-04,7214.71,Paid,0
TXN_100684,PROJ_0080,2025-07-21,78669.09,Paid,0
TXN_100685,PROJ_0057,2025-11-19,18538.03,Paid,0
TXN_100686,PROJ_0025,2025-07-04,113027.51,Paid,0
TXN_100687,PROJ_0079,2025-10-04,51437.94,Paid,0
TXN_100688,PROJ_0098,2025-12-31,44955.43,Pending,0
TXN_100689,PROJ_0058,2025-11-23,144917.16,Paid,0
TXN_100690,PROJ_0078,2026-01-14,86537.51,Paid,0
TXN_100691,PROJ_0077,2025-07-27,97116.52,Paid,0
TXN_100692,PROJ_0062,2025-11-10,58918.35,Overdue,50
TXN_100693,PROJ_0085,2026-01-30,18488.67,Paid,0
TXN_100694,PROJ_0081,2026-01-17,88623.08,Paid,0
TXN_100695,PROJ_0084,2025-06-03,129707.95,Pending,0
TXN_100696,PROJ_0046,2025-05-02,125882.54,Paid,0
TXN_100697,PROJ_0059,2025-09-27,40671.31,Pending,0
TXN_100698,PROJ_0077,2025-06-04,103041.38,Pending,0
TXN_100699,PROJ_0064,2025-12-27,28957.99,Paid,0
TXN_100700,PROJ_0099,2025-11-08,112360.33,Pending,0
TXN_100701,PROJ_0019,2025-07-28,84135.72,Paid,0
TXN_100702,PROJ_0009,2025-07-31,72824.46,Paid,0
TXN_100703,PROJ_0044,2025-03-02,121280.99,Paid,0
TXN_100704,PROJ_0073,2025-08-10,87703.44,Paid,0
TXN_100705,PROJ_0036,2025-07-16,141480.98,Paid,0
TXN_100706,PROJ_0002,2026-02-11,137963.46,Paid,0
TXN_100707,PROJ_0074,2025-05-14,24216.38,Pending,0
TXN_100708,PROJ_0075,2025-06-23,70305.36,Pending,0
TXN_100709,PROJ_0011,2025-12-03,55441.66,Paid,0
TXN_100710,PROJ_0067,2026-02-04,36749.27,Paid,0
TXN_100711,PROJ_0089,2026-02-06,46750.95,Overdue,60
TXN_100712,PROJ_0036,2025-10-29,52758.82,Paid,0
TXN_100713,PROJ_0065,2025-11-11,122189.81,Paid,0
TXN_100714,PROJ_0071,2025-09-17,136789.45,Paid,0
TXN_100715,PROJ_0076,2025-05-17,113869.54,Overdue,40
TXN_100716,PROJ_0046,2025-07-31,37575.32,Pending,0
TXN_100717,PROJ_0079,2025-12-26,55316.89,Paid,0
TXN_100718,PROJ_0035,2025-06-12,82655.72,Paid,0
TXN_100719,PROJ_0065,2025-05-05,132705.0,Paid,0
TXN_100720,PROJ_0083,2025-05-15,109292.64,Overdue,47
TXN_100721,PROJ_0085,2025-05-13,149929.49,Paid,0
TXN_100722,PROJ_0086,2025-04-12,132439.05,Paid,0
TXN_100723,PROJ_0035,2025-09-26,113672.01,Paid,0
TXN_100724,PROJ_0017,2025-04-06,50211.62,Paid,0
TXN_100725,PROJ_0061,2025-03-07,61103.83,Paid,0
TXN_100726,PROJ_0097,2026-02-21,146091.14,Paid,0
TXN_100727,PROJ_0056,2025-12-11,18310.15,Paid,0
TXN_100728,PROJ_0054,2025-08-04,81466.62,Paid,0
TXN_100729,PROJ_0030,2025-06-09,98500.13,Paid,0
TXN_100730,PROJ_0038,2025-07-02,130342.57,Pending,0
TXN_100731,PROJ_0076,2025-08-15,86897.27,Overdue,31
TXN_100732,PROJ_0079,2025-05-27,122141.98,Overdue,41
TXN_100733,PROJ_0069,2025-04-11,149774.63,Paid,0
TXN_100734,PROJ_0027,2026-02-02,131563.32,Paid,0
TXN_100735,PROJ_0049,2025-04-26,28186.82,Paid,0
TXN_100736,PROJ_0014,2025-09-04,15503.44,Overdue,54
TXN_100737,PROJ_0060,2026-01-30,39494.35,Overdue,17
TXN_100738,PROJ_0058,2026-01-03,141742.18,Paid,0
TXN_100739,PROJ_0062,2026-01-20,5077.56,Paid,0
TXN_100740,PROJ_0058,2025-10-18,142693.24,Paid,0
TXN_100741,PROJ_0091,2025-06-14,37491.24,Paid,0
TXN_100742,PROJ_0084,2025-09-07,129713.2,Paid,0
TXN_100743,PROJ_0010,2025-08-08,149219.05,Paid,0
TXN_100744,PROJ_0050,2025-12-27,11968.01,Paid,0
TXN_100745,PROJ_0069,2025-10-13,137101.59,Overdue,56
TXN_100746,PROJ_0005,2025-12-05,128247.29,Paid,0
TXN_100747,PROJ_0100,2025-08-11,27545.18,Pending,0
TXN_100748,PROJ_0057,2025-03-18,86153.86,Paid,0
TXN_100749,PROJ_0012,2025-07-16,91706.84,Paid,0
TXN_100750,PROJ_0055,2025-10-11,92479.45,Paid,0
TXN_100751,PROJ_0029,2025-09-16,116575.3,Overdue,5
TXN_100752,PROJ_0097,2025-09-24,89014.26,Paid,0
TXN_100753,PROJ_0030,2025-11-25,71766.16,Paid,0
TXN_100754,PROJ_0040,2025-06-10,19769.16,Paid,0
TXN_100755,PROJ_0063,2026-02-04,14582.39,Paid,0
TXN_100756,PROJ_0043,2025-09-28,122139.05,Paid,0
TXN_100757,PROJ_0065,2026-02-21,59594.83,Paid,0
TXN_100758,PROJ_0078,2025-10-16,13023.0,Paid,0
TXN_100759,PROJ_0026,2025-05-06,104644.93,Overdue,58
TXN_100760,PROJ_0066,2025-03-06,57658.61,Overdue,48
TXN_100761,PROJ_0029,2025-04-16,149643.76,Paid,0
TXN_100762,PROJ_0015,2025-05-14,39162.91,Pending,0
TXN_100763,PROJ_0061,2025-03-03,140027.49,Overdue,8
TXN_100764,PROJ_0020,2025-09-14,80760.87,Pending,0
TXN_100765,PROJ_0022,2025-08-25,124506.42,Overdue,25
TXN_100766,PROJ_0061,2025-12-14,20670.31,Paid,0
TXN_100767,PROJ_0032,2025-09-20,71126.75,Paid,0
TXN_100768,PROJ_0089,2026-01-25,5027.92,Paid,0
TXN_100769,PROJ_0039,2025-03-25,113780.16,Paid,0
TXN_100770,PROJ_0062,2025-07-31,54898.08,Overdue,40
TXN_100771,PROJ_0093,2025-12-13,130669.6,Paid,0
TXN_100772,PROJ_0090,2025-10-19,48721.12,Paid,0
TXN_100773,PROJ_0046,2025-08-10,83245.47,Paid,0
TXN_100774,PROJ_0060,2025-09-01,106170.96,Paid,0
TXN_100775,PROJ_0063,2025-07-10,145050.61,Pending,0
TXN_100776,PROJ_0032,2025-10-23,10979.32,Paid,0
TXN_100777,PROJ_0076,2025-04-15,62185.16,Paid,0
TXN_100778,PROJ_0069,2025-10-18,125967.47,Paid,0
TXN_100779,PROJ_0088,2025-09-05,131541.78,Paid,0
TXN_100780,PROJ_0094,2025-12-25,100394.66,Paid,0
TXN_100781,PROJ_0026,2026-01-02,90159.72,Paid,0
TXN_100782,PROJ_0059,2025-07-19,39307.24,Pending,0
TXN_100783,PROJ_0014,2026-01-23,44529.05,Paid,0
TXN_100784,PROJ_0086,2026-01-29,64615.53,Paid,0
TXN_100785,PROJ_0033,2026-01-25,90195.76,Overdue,45
TXN_100786,PROJ_0081,2026-02-09,130845.95,Paid,0
TXN_100787,PROJ_0036,2025-06-22,82178.53,Paid,0
TXN_100788,PROJ_0079,2025-03-06,42826.98,Paid,0
TXN_100789,PROJ_0084,2026-02-13,107726.67,Paid,0
TXN_100790,PROJ_0049,2025-09-19,31887.65,Paid,0
TXN_100791,PROJ_0038,2025-08-15,33398.42,Paid,0
TXN_100792,PROJ_0072,2025-09-22,104030.54,Paid,0
TXN_100793,PROJ_0008,2025-10-30,133969.71,Paid,0
TXN_100794,PROJ_0008,2025-09-05,107109.27,Paid,0
TXN_100795,PROJ_0014,2025-06-26,19060.15,Pending,0
TXN_100796,PROJ_0050,2025-06-29,107838.17,Paid,0
TXN_100797,PROJ_0053,2025-11-28,111252.21,Overdue,30
TXN_100798,PROJ_0060,2025-11-16,5287.57,Paid,0
TXN_100799,PROJ_0070,2025-08-16,35960.19,Paid,0
TXN_100800,PROJ_0094,2025-08-01,69774.39,Paid,0
TXN_100801,PROJ_0035,2025-12-04,143487.97,Pending,0
TXN_100802,PROJ_0097,2025-09-10,81978.74,Paid,0
TXN_100803,PROJ_0063,2025-03-14,110152.45,Paid,0
TXN_100804,PROJ_0032,2025-03-25,80901.56,Paid,0
TXN_100805,PROJ_0033,2025-09-07,87522.93,Paid,0
TXN_100806,PROJ_0044,2025-10-05,108846.28,Paid,0
TXN_100807,PROJ_0067,2025-06-11,146881.35,Paid,0
TXN_100808,PROJ_0067,2025-09-03,96056.4,Paid,0
TXN_100809,PROJ_0063,2025-08-09,62303.64,Paid,0
TXN_100810,PROJ_0096,2025-05-16,88412.42,Paid,0
TXN_100811,PROJ_0076,2025-04-10,14337.0,Paid,0
TXN_100812,PROJ_0004,2025-05-26,130539.44,Paid,0
TXN_100813,PROJ_0057,2025-03-06,85232.61,Paid,0
TXN_100814,PROJ_0090,2025-04-25,68821.99,Paid,0
TXN_100815,PROJ_0014,2026-01-08,116320.89,Paid,0
TXN_100816,PROJ_0051,2025-07-30,121557.06,Pending,0
TXN_100817,PROJ_0053,2025-07-05,109724.63,Paid,0
TXN_100818,PROJ_0099,2025-12-24,13371.76,Overdue,41
TXN_100819,PROJ_0008,2025-09-29,75650.41,Paid,0
TXN_100820,PROJ_0002,2025-09-04,45330.13,Pending,0
TXN_100821,PROJ_0058,2025-03-18,119817.81,Paid,0
TXN_100822,PROJ_0034,2025-04-17,101829.6,Paid,0
TXN_100823,PROJ_0005,2026-01-13,132987.28,Paid,0
TXN_100824,PROJ_0048,2025-09-30,39427.84,Paid,0
TXN_100825,PROJ_0002,2025-11-05,34313.39,Paid,0
TXN_100826,PROJ_0033,2025-05-26,44787.0,Overdue,15
TXN_100827,PROJ_0072,2025-05-25,135222.27,Pending,0
TXN_100828,PROJ_0057,2025-09-15,141859.65,Paid,0
TXN_100829,PROJ_0078,2025-12-14,93615.31,Paid,0
TXN_100830,PROJ_0099,2025-06-13,14080.97,Paid,0
TXN_100831,PROJ_0061,2025-12-09,105316.88,Paid,0
TXN_100832,PROJ_0082,2026-01-23,20932.26,Pending,0
TXN_100833,PROJ_0022,2026-01-22,62973.81,Paid,0
TXN_100834,PROJ_0052,2025-07-28,38673.08,Pending,0
TXN_100835,PROJ_0016,2026-01-16,39009.58,Paid,0
TXN_100836,PROJ_0018,2025-05-13,8455.99,Paid,0
TXN_100837,PROJ_0099,2025-10-10,123599.17,Paid,0
TXN_100838,PROJ_0016,2025-07-29,75072.97,Overdue,22
TXN_100839,PROJ_0065,2026-02-15,27461.14,Paid,0
TXN_100840,PROJ_0061,2025-08-19,98858.94,Paid,0
TXN_100841,PROJ_0056,2025-05-12,112446.47,Paid,0
TXN_100842,PROJ_0022,2025-10-22,46767.57,Paid,0
TXN_100843,PROJ_0081,2025-06-18,120707.45,Pending,0
TXN_100844,PROJ_0032,2025-04-21,67340.25,Paid,0
TXN_100845,PROJ_0100,2025-05-03,98234.16,Pending,0
TXN_100846,PROJ_0089,2025-05-25,41089.03,Paid,0
TXN_100847,PROJ_0050,2025-08-08,58518.71,Pending,0
TXN_100848,PROJ_0002,2025-04-10,41628.03,Pending,0
TXN_100849,PROJ_0012,2026-01-08,76999.38,Paid,0
TXN_100850,PROJ_0003,2025-09-08,24663.43,Paid,0
TXN_100851,PROJ_0075,2025-10-14,133544.43,Paid,0
TXN_100852,PROJ_0087,2025-08-13,76891.67,Paid,0
TXN_100853,PROJ_0042,2025-10-23,7382.59,Paid,0
TXN_100854,PROJ_0040,2025-10-17,93814.7,Paid,0
TXN_100855,PROJ_0082,2025-05-29,120817.8,Paid,0
TXN_100856,PROJ_0067,2025-05-03,95696.5,Overdue,48
TXN_100857,PROJ_0049,2025-11-02,17573.8,Overdue,10
TXN_100858,PROJ_0044,2025-06-27,111477.24,Paid,0
TXN_100859,PROJ_0054,2025-08-07,42777.27,Paid,0
TXN_100860,PROJ_0064,2025-05-13,133415.23,Pending,0
TXN_100861,PROJ_0008,2025-03-19,125650.23,Paid,0
TXN_100862,PROJ_0003,2025-06-08,134732.23,Paid,0
TXN_100863,PROJ_0071,2025-07-06,41556.48,Paid,0
TXN_100864,PROJ_0021,2025-08-12,63802.01,Pending,0
TXN_100865,PROJ_0076,2025-05-04,49600.15,Paid,0
TXN_100866,PROJ_0013,2025-10-10,105389.19,Pending,0
TXN_100867,PROJ_0009,2025-05-09,23522.74,Paid,0
TXN_100868,PROJ_0081,2025-08-28,39686.55,Overdue,41
TXN_100869,PROJ_0048,2025-08-27,98672.61,Paid,0
TXN_100870,PROJ_0013,2025-07-13,84415.06,Paid,0
TXN_100871,PROJ_0005,2025-10-17,38708.85,Paid,0
TXN_100872,PROJ_0042,2025-05-30,106396.61,Overdue,28
TXN_100873,PROJ_0043,2025-07-20,134999.98,Paid,0
TXN_100874,PROJ_0098,2025-12-21,136673.99,Paid,0
TXN_100875,PROJ_0018,2025-11-27,119844.32,Paid,0
TXN_100876,PROJ_0050,2025-06-13,122956.97,Paid,0
TXN_100877,PROJ_0044,2025-04-13,127837.53,Pending,0
TXN_100878,PROJ_0027,2025-12-30,67092.34,Paid,0
TXN_100879,PROJ_0025,2026-01-28,25824.28,Pending,0
TXN_100880,PROJ_0054,2025-10-02,127182.2,Paid,0
TXN_100881,PROJ_0033,2025-04-13,27729.76,Paid,0
TXN_100882,PROJ_0056,2025-06-26,111687.37,Paid,0
TXN_100883,PROJ_0075,2025-04-17,111366.18,Overdue,13
TXN_100884,PROJ_0020,2025-06-22,139606.73,Paid,0
TXN_100885,PROJ_0048,2025-03-20,136445.27,Pending,0
TXN_100886,PROJ_0010,2025-10-07,23137.46,Paid,0
TXN_100887,PROJ_0050,2025-10-26,88189.26,Paid,0
TXN_100888,PROJ_0062,2025-05-20,47221.16,Overdue,22
TXN_100889,PROJ_0023,2026-02-06,86628.83,Paid,0
TXN_100890,PROJ_0026,2025-10-08,56710.85,Paid,0
TXN_100891,PROJ_0052,2025-08-26,127196.88,Paid,0
TXN_100892,PROJ_0100,2025-05-24,88301.48,Overdue,24
TXN_100893,PROJ_0085,2026-01-29,71302.33,Pending,0
TXN_100894,PROJ_0039,2025-05-12,93186.66,Overdue,37
TXN_100895,PROJ_0048,2025-04-10,65207.6,Pending,0
TXN_100896,PROJ_0054,2025-11-15,145947.63,Paid,0
TXN_100897,PROJ_0074,2026-01-02,21282.66,Paid,0
TXN_100898,PROJ_0038,2025-06-23,148742.82,Paid,0
TXN_100899,PROJ_0050,2025-03-12,24298.06,Paid,0
TXN_100900,PROJ_0048,2025-03-28,72660.07,Paid,0
TXN_100901,PROJ_0039,2025-05-23,73987.81,Paid,0
TXN_100902,PROJ_0078,2025-12-03,58476.81,Paid,0
TXN_100903,PROJ_0031,2025-09-29,44566.84,Pending,0
TXN_100904,PROJ_0097,2025-03-03,63593.86,Paid,0
TXN_100905,PROJ_0059,2025-08-02,116453.85,Paid,0
TXN_100906,PROJ_0053,2025-03-03,59573.26,Paid,0
TXN_100907,PROJ_0046,2025-04-10,39810.16,Paid,0
TXN_100908,PROJ_0042,2025-06-13,42781.81,Paid,0
TXN_100909,PROJ_0070,2025-07-29,82461.4,Paid,0
TXN_100910,PROJ_0087,2025-12-20,76222.63,Paid,0
TXN_100911,PROJ_0044,2025-07-22,73814.55,Overdue,21
TXN_100912,PROJ_0077,2025-12-28,34035.01,Paid,0
TXN_100913,PROJ_0069,2025-09-15,115861.05,Paid,0
TXN_100914,PROJ_0080,2025-11-06,113791.96,Overdue,1
TXN_100915,PROJ_0007,2025-12-18,148309.93,Paid,0
TXN_100916,PROJ_0062,2025-05-30,135635.68,Paid,0
TXN_100917,PROJ_0018,2026-01-24,108396.12,Paid,0
TXN_100918,PROJ_0059,2025-10-15,25439.9,Pending,0
TXN_100919,PROJ_0007,2026-01-13,19133.02,Overdue,51
TXN_100920,PROJ_0037,2025-09-13,42782.45,Pending,0
TXN_100921,PROJ_0010,2026-01-09,63546.32,Paid,0
TXN_100922,PROJ_0061,2025-06-11,95515.21,Pending,0
TXN_100923,PROJ_0100,2025-11-25,11340.02,Pending,0
TXN_100924,PROJ_0058,2026-02-13,89373.54,Paid,0
TXN_100925,PROJ_0035,2025-08-30,142836.09,Paid,0
TXN_100926,PROJ_0044,2026-01-28,33768.57,Paid,0
TXN_100927,PROJ_0082,2025-10-07,96204.89,Paid,0
TXN_100928,PROJ_0091,2025-09-02,75820.37,Paid,0
TXN_100929,PROJ_0091,2025-11-14,9885.83,Paid,0
TXN_100930,PROJ_0028,2025-08-10,127800.77,Paid,0
TXN_100931,PROJ_0007,2025-11-02,68230.11,Pending,0
TXN_100932,PROJ_0013,2025-03-13,46999.23,Overdue,40
TXN_100933,PROJ_0098,2025-09-25,20282.33,Paid,0
TXN_100934,PROJ_0054,2026-02-08,148817.27,Paid,0
TXN_100935,PROJ_0021,2025-11-21,142137.87,Pending,0
TXN_100936,PROJ_0068,2025-12-15,56877.29,Paid,0
TXN_100937,PROJ_0058,2026-02-03,126996.94,Paid,0
TXN_100938,PROJ_0031,2026-01-29,58883.09,Paid,0
TXN_100939,PROJ_0066,2025-08-24,137623.62,Pending,0
TXN_100940,PROJ_0091,2025-09-24,88067.85,Paid,0
TXN_100941,PROJ_0057,2025-10-27,67007.36,Pending,0
TXN_100942,PROJ_0022,2025-11-29,138240.91,Paid,0
TXN_100943,PROJ_0091,2025-09-23,142523.6,Paid,0
TXN_100944,PROJ_0005,2025-12-10,19821.41,Paid,0
TXN_100945,PROJ_0012,2025-08-01,47306.4,Paid,0
TXN_100946,PROJ_0020,2025-09-06,29450.06,Overdue,46
TXN_100947,PROJ_0001,2025-08-12,49872.81,Paid,0
TXN_100948,PROJ_0084,2026-02-08,69703.84,Overdue,42
TXN_100949,PROJ_0080,2026-01-04,39967.28,Overdue,39
TXN_100950,PROJ_0098,2025-07-11,14957.6,Pending,0
TXN_100951,PROJ_0093,2025-04-21,20740.61,Paid,0
TXN_100952,PROJ_0021,2025-11-19,27716.64,Pending,0
TXN_100953,PROJ_0091,2026-01-05,21989.38,Overdue,39
TXN_100954,PROJ_0076,2025-05-06,113989.88,Paid,0
TXN_100955,PROJ_0080,2025-03-12,18028.46,Paid,0
TXN_100956,PROJ_0094,2025-06-18,78126.13,Paid,0
TXN_100957,PROJ_0053,2025-10-12,37699.12,Paid,0
TXN_100958,PROJ_0051,2026-02-03,118030.34,Paid,0
TXN_100959,PROJ_0097,2025-08-10,139132.27,Paid,0
TXN_100960,PROJ_0049,2025-07-11,61927.07,Paid,0
TXN_100961,PROJ_0100,2025-06-08,113798.21,Paid,0
TXN_100962,PROJ_0069,2025-08-19,18945.6,Paid,0
TXN_100963,PROJ_0007,2025-11-10,148331.78,Paid,0
TXN_100964,PROJ_0001,2025-06-24,13251.13,Overdue,19
TXN_100965,PROJ_0017,2025-04-17,102981.96,Paid,0
TXN_100966,PROJ_0081,2025-05-07,37947.6,Paid,0
TXN_100967,PROJ_0017,2025-07-29,37838.61,Pending,0
TXN_100968,PROJ_0063,2026-02-06,35198.68,Paid,0
TXN_100969,PROJ_0014,2025-12-27,15658.26,Paid,0
TXN_100970,PROJ_0074,2025-03-10,75625.81,Overdue,47
TXN_100971,PROJ_0006,2025-04-22,17842.49,Overdue,10
TXN_100972,PROJ_0023,2025-06-10,86254.41,Paid,0
TXN_100973,PROJ_0052,2025-03-19,142289.12,Paid,0
TXN_100974,PROJ_0012,2025-11-24,58034.69,Paid,0
TXN_100975,PROJ_0073,2025-12-23,104303.95,Paid,0
TXN_100976,PROJ_0060,2025-11-30,118748.58,Paid,0
TXN_100977,PROJ_0042,2025-11-07,141663.52,Paid,0
TXN_100978,PROJ_0055,2025-04-14,98503.83,Pending,0
TXN_100979,PROJ_0035,2025-03-16,137232.28,Paid,0
TXN_100980,PROJ_0008,2025-05-08,10171.08,Paid,0
TXN_100981,PROJ_0037,2026-01-19,96711.61,Paid,0
TXN_100982,PROJ_0061,2025-05-25,10379.97,Paid,0
TXN_100983,PROJ_0061,2025-10-21,26594.74,Paid,0
TXN_100984,PROJ_0095,2025-06-18,137906.43,Pending,0
TXN_100985,PROJ_0082,2025-08-20,59135.3,Paid,0
TXN_100986,PROJ_0064,2025-05-20,41110.8,Paid,0
TXN_100987,PROJ_0082,2025-10-07,143429.63,Paid,0
TXN_100988,PROJ_0058,2025-08-05,100689.35,Paid,0
TXN_100989,PROJ_0066,2025-03-10,14471.03,Paid,0
TXN_100990,PROJ_0008,2025-05-01,47951.96,Paid,0
TXN_100991,PROJ_0054,2026-01-02,87841.85,Overdue,42
TXN_100992,PROJ_0038,2025-10-11,90281.36,Paid,0
TXN_100993,PROJ_0067,2025-05-25,144129.37,Paid,0
TXN_100994,PROJ_0085,2025-10-15,77753.43,Paid,0
TXN_100995,PROJ_0096,2025-03-15,81695.3,Paid,0
TXN_100996,PROJ_0078,2025-06-04,82947.99,Paid,0
TXN_100997,PROJ_0077,2025-07-16,22914.53,Paid,0
TXN_100998,PROJ_0082,2025-10-29,85388.1,Paid,0
TXN_100999,PROJ_0063,2025-04-22,122544.38,Paid,0
TXN_101000,PROJ_0031,2025-09-15,15125.78,Paid,0
TXN_101001,PROJ_0050,2025-10-26,128673.31,Paid,0
TXN_101002,PROJ_0080,2025-06-06,99167.0,Paid,0
TXN_101003,PROJ_0020,2025-07-30,106308.63,Paid,0
TXN_101004,PROJ_0017,2025-04-23,82188.14,Pending,0
TXN_101005,PROJ_0001,2025-03-28,141201.53,Paid,0
TXN_101006,PROJ_0044,2025-04-16,32882.72,Paid,0
TXN_101007,PROJ_0024,2025-07-28,59667.49,Paid,0
TXN_101008,PROJ_0040,2025-04-26,82534.46,Paid,0
TXN_101009,PROJ_0008,2025-04-30,77629.85,Pending,0
TXN_101010,PROJ_0015,2025-08-06,105471.03,Paid,0
TXN_101011,PROJ_0032,2025-11-09,144175.72,Paid,0
TXN_101012,PROJ_0047,2025-03-25,144589.06,Paid,0
TXN_101013,PROJ_0015,2025-10-05,68295.15,Paid,0
TXN_101014,PROJ_0092,2025-03-08,8947.06,Pending,0
TXN_101015,PROJ_0018,2025-09-20,134312.68,Paid,0
TXN_101016,PROJ_0077,2025-04-10,16811.35,Paid,0
TXN_101017,PROJ_0052,2025-08-18,135143.41,Paid,0
TXN_101018,PROJ_0046,2026-02-06,29420.98,Paid,0
TXN_101019,PROJ_0022,2025-06-30,7563.8,Overdue,34
TXN_101020,PROJ_0014,2025-09-24,145687.64,Paid,0
TXN_101021,PROJ_0042,2025-08-23,12430.25,Pending,0
TXN_101022,PROJ_0050,2025-05-20,19272.08,Paid,0
TXN_101023,PROJ_0036,2026-02-28,119878.82,Paid,0
TXN_101024,PROJ_0008,2025-04-21,138454.01,Paid,0
TXN_101025,PROJ_0007,2026-02-08,95667.64,Paid,0
TXN_101026,PROJ_0086,2025-09-25,122708.42,Paid,0
TXN_101027,PROJ_0060,2025-09-24,21379.73,Paid,0
TXN_101028,PROJ_0002,2025-03-17,107077.05,Pending,0
TXN_101029,PROJ_0088,2026-01-30,18589.82,Paid,0
TXN_101030,PROJ_0075,2025-05-06,68768.03,Overdue,48
TXN_101031,PROJ_0040,2025-04-26,91137.14,Overdue,30
TXN_101032,PROJ_0054,2026-02-07,80424.93,Overdue,9
TXN_101033,PROJ_0005,2025-05-25,102405.67,Paid,0
TXN_101034,PROJ_0065,2025-08-28,29377.19,Paid,0
TXN_101035,PROJ_0073,2025-11-05,119861.21,Pending,0
TXN_101036,PROJ_0058,2025-06-16,21562.74,Paid,0
TXN_101037,PROJ_0026,2025-08-24,118366.84,Paid,0
TXN_101038,PROJ_0087,2025-12-02,43890.9,Paid,0
TXN_101039,PROJ_0035,2025-05-12,116245.35,Paid,0
TXN_101040,PROJ_0008,2025-07-31,148832.1,Paid,0
TXN_101041,PROJ_0051,2026-02-05,123764.24,Paid,0
TXN_101042,PROJ_0007,2025-03-11,34234.49,Paid,0
TXN_101043,PROJ_0080,2025-11-24,111857.64,Paid,0
TXN_101044,PROJ_0072,2025-10-04,57516.46,Pending,0
TXN_101045,PROJ_0032,2025-12-31,139080.36,Paid,0
TXN_101046,PROJ_0030,2025-07-29,62570.48,Paid,0
TXN_101047,PROJ_0019,2025-08-03,137130.89,Paid,0
TXN_101048,PROJ_0026,2025-04-06,141053.14,Paid,0
TXN_101049,PROJ_0059,2025-10-18,146156.87,Pending,0
TXN_101050,PROJ_0015,2025-09-22,87248.33,Paid,0
TXN_101051,PROJ_0060,2025-09-25,108504.76,Paid,0
TXN_101052,PROJ_0009,2026-02-19,104192.76,Paid,0
TXN_101053,PROJ_0004,2025-08-03,62027.28,Paid,0
TXN_101054,PROJ_0100,2025-12-04,56299.3,Paid,0
TXN_101055,PROJ_0017,2026-02-06,83645.89,Paid,0
TXN_101056,PROJ_0097,2025-08-08,41410.62,Paid,0
TXN_101057,PROJ_0076,2026-02-02,45764.85,Paid,0
TXN_101058,PROJ_0061,2025-03-03,25670.29,Paid,0
TXN_101059,PROJ_0089,2025-06-24,95100.78,Paid,0
TXN_101060,PROJ_0008,2025-03-27,145635.98,Overdue,6
TXN_101061,PROJ_0056,2025-05-07,63339.28,Paid,0
TXN_101062,PROJ_0054,2025-05-12,58250.86,Paid,0
TXN_101063,PROJ_0062,2025-12-08,90862.79,Paid,0
TXN_101064,PROJ_0048,2025-09-04,63804.72,Paid,0
TXN_101065,PROJ_0002,2025-10-29,142164.5,Paid,0
TXN_101066,PROJ_0095,2026-02-28,56118.45,Paid,0
TXN_101067,PROJ_0073,2026-02-15,96498.05,Paid,0
TXN_101068,PROJ_0005,2025-09-16,53066.78,Overdue,10
TXN_101069,PROJ_0075,2025-10-01,141019.54,Paid,0
TXN_101070,PROJ_0048,2025-05-14,68106.28,Paid,0
TXN_101071,PROJ_0088,2025-11-01,111466.38,Paid,0
TXN_101072,PROJ_0098,2025-05-14,45184.95,Paid,0
TXN_101073,PROJ_0093,2026-02-26,97297.19,Paid,0
TXN_101074,PROJ_0077,2026-01-17,111016.47,Paid,0
TXN_101075,PROJ_0051,2025-07-05,18039.89,Paid,0
TXN_101076,PROJ_0046,2025-04-27,134987.72,Paid,0
TXN_101077,PROJ_0064,2025-05-22,47796.91,Overdue,52
TXN_101078,PROJ_0040,2026-02-15,41919.84,Paid,0
TXN_101079,PROJ_0082,2025-02-28,39897.68,Paid,0
TXN_101080,PROJ_0050,2025-08-09,132931.77,Overdue,19
TXN_101081,PROJ_0093,2025-11-04,18686.71,Paid,0
TXN_101082,PROJ_0066,2025-04-18,60551.53,Paid,0
TXN_101083,PROJ_0033,2026-02-01,141364.28,Overdue,17
TXN_101084,PROJ_0044,2026-02-05,146055.44,Pending,0
TXN_101085,PROJ_0059,2025-07-08,55591.87,Pending,0
TXN_101086,PROJ_0027,2025-06-16,112589.64,Pending,0
TXN_101087,PROJ_0056,2025-09-08,46486.85,Paid,0
TXN_101088,PROJ_0059,2025-08-24,78204.9,Paid,0
TXN_101089,PROJ_0082,2026-02-16,96613.44,Pending,0
TXN_101090,PROJ_0067,2026-01-26,103991.3,Paid,0
TXN_101091,PROJ_0061,2025-07-13,84890.94,Paid,0
TXN_101092,PROJ_0043,2025-06-07,91221.57,Paid,0
TXN_101093,PROJ_0019,2026-02-25,36068.23,Paid,0
TXN_101094,PROJ_0096,2025-09-13,63838.65,Paid,0
TXN_101095,PROJ_0008,2025-08-04,27636.83,Paid,0
TXN_101096,PROJ_0011,2025-12-29,11873.8,Pending,0
TXN_101097,PROJ_0070,2025-08-20,16368.82,Paid,0
TXN_101098,PROJ_0099,2025-04-13,126429.76,Paid,0
TXN_101099,PROJ_0065,2025-07-08,135467.65,Paid,0
TXN_101100,PROJ_0009,2026-01-07,102085.49,Paid,0
TXN_101101,PROJ_0047,2025-11-05,135348.43,Paid,0
TXN_101102,PROJ_0021,2026-01-13,56299.95,Paid,0
TXN_101103,PROJ_0082,2025-10-29,63366.32,Paid,0
TXN_101104,PROJ_0057,2025-06-17,114653.82,Paid,0
TXN_101105,PROJ_0020,2026-02-13,55738.12,Paid,0
TXN_101106,PROJ_0023,2025-05-24,49660.48,Paid,0
TXN_101107,PROJ_0097,2025-04-13,55920.41,Paid,0
TXN_101108,PROJ_0047,2025-06-11,99816.65,Overdue,26
TXN_101109,PROJ_0017,2026-02-07,95105.38,Pending,0
TXN_101110,PROJ_0035,2025-05-16,91424.24,Paid,0
TXN_101111,PROJ_0020,2026-01-06,45442.45,Pending,0
TXN_101112,PROJ_0049,2025-10-18,134424.03,Paid,0
TXN_101113,PROJ_0054,2025-03-12,42061.36,Paid,0
TXN_101114,PROJ_0062,2025-07-12,24922.09,Paid,0
TXN_101115,PROJ_0093,2025-11-17,63411.05,Paid,0
TXN_101116,PROJ_0057,2025-12-05,18608.4,Overdue,2
TXN_101117,PROJ_0004,2025-06-22,132349.1,Paid,0
TXN_101118,PROJ_0006,2026-02-16,109719.18,Paid,0
TXN_101119,PROJ_0010,2025-05-09,103295.17,Paid,0
TXN_101120,PROJ_0042,2025-09-19,73393.86,Paid,0
TXN_101121,PROJ_0067,2025-05-09,110335.14,Pending,0
TXN_101122,PROJ_0073,2025-05-07,107671.69,Pending,0
TXN_101123,PROJ_0090,2026-01-30,124169.89,Paid,0
TXN_101124,PROJ_0034,2025-12-01,28036.78,Paid,0
TXN_101125,PROJ_0081,2025-03-18,22381.85,Overdue,19
TXN_101126,PROJ_0051,2026-01-14,5880.14,Paid,0
TXN_101127,PROJ_0040,2025-05-06,100749.78,Paid,0
TXN_101128,PROJ_0021,2025-09-19,106554.52,Paid,0
TXN_101129,PROJ_0058,2025-06-12,109735.19,Paid,0
TXN_101130,PROJ_0095,2025-10-27,68607.84,Paid,0
TXN_101131,PROJ_0015,2025-10-16,24045.95,Paid,0
TXN_101132,PROJ_0069,2025-03-23,18213.25,Pending,0
TXN_101133,PROJ_0008,2025-08-27,111457.73,Pending,0
TXN_101134,PROJ_0060,2025-09-11,144093.69,Pending,0
TXN_101135,PROJ_0054,2025-07-28,45350.05,Paid,0
TXN_101136,PROJ_0068,2025-12-24,115895.78,Paid,0
TXN_101137,PROJ_0014,2025-03-28,147476.35,Pending,0
TXN_101138,PROJ_0069,2025-08-27,56168.37,Paid,0
TXN_101139,PROJ_0038,2025-12-27,49696.04,Paid,0
TXN_101140,PROJ_0007,2026-02-14,148450.1,Paid,0
TXN_101141,PROJ_0082,2025-07-23,79145.78,Paid,0
TXN_101142,PROJ_0073,2025-04-14,117748.34,Paid,0
TXN_101143,PROJ_0033,2025-08-30,133482.63,Paid,0
TXN_101144,PROJ_0027,2026-02-05,38040.21,Paid,0
TXN_101145,PROJ_0100,2025-03-27,33586.07,Paid,0
TXN_101146,PROJ_0048,2025-06-22,142025.01,Paid,0
TXN_101147,PROJ_0080,2025-09-04,113818.99,Paid,0
TXN_101148,PROJ_0081,2025-10-11,38764.06,Paid,0
TXN_101149,PROJ_0033,2025-05-16,80235.53,Paid,0
TXN_101150,PROJ_0079,2026-02-14,53438.15,Paid,0
TXN_101151,PROJ_0042,2026-01-31,64521.49,Paid,0
TXN_101152,PROJ_0076,2026-01-16,141053.59,Paid,0
TXN_101153,PROJ_0014,2025-03-12,6199.98,Paid,0
TXN_101154,PROJ_0050,2025-11-22,68620.39,Pending,0
TXN_101155,PROJ_0059,2026-01-12,50299.9,Overdue,13
TXN_101156,PROJ_0033,2025-05-05,75328.58,Paid,0
TXN_101157,PROJ_0015,2025-04-05,94160.78,Paid,0
TXN_101158,PROJ_0063,2025-04-06,103548.95,Paid,0
TXN_101159,PROJ_0073,2025-06-19,114132.4,Overdue,8
TXN_101160,PROJ_0093,2025-07-29,113925.91,Paid,0
TXN_101161,PROJ_0096,2026-02-03,58646.28,Paid,0
TXN_101162,PROJ_0033,2025-04-12,54748.58,Paid,0
TXN_101163,PROJ_0036,2025-06-19,148826.73,Paid,0
TXN_101164,PROJ_0038,2026-01-12,31412.12,Overdue,57
TXN_101165,PROJ_0020,2025-12-08,126919.43,Paid,0
TXN_101166,PROJ_0002,2025-08-14,12524.85,Paid,0
TXN_101167,PROJ_0092,2025-10-03,52509.96,Paid,0
TXN_101168,PROJ_0034,2025-04-26,136410.06,Paid,0
TXN_101169,PROJ_0092,2025-10-26,108340.8,Paid,0
TXN_101170,PROJ_0044,2025-04-14,54423.68,Paid,0
TXN_101171,PROJ_0034,2025-07-12,119575.96,Overdue,57
TXN_101172,PROJ_0055,2025-06-21,116539.83,Paid,0
TXN_101173,PROJ_0006,2025-11-16,134090.91,Paid,0
TXN_101174,PROJ_0053,2025-06-03,75242.68,Paid,0
TXN_101175,PROJ_0025,2025-12-03,97128.72,Paid,0
TXN_101176,PROJ_0044,2025-10-02,100677.22,Paid,0
TXN_101177,PROJ_0077,2025-12-19,51647.26,Pending,0
TXN_101178,PROJ_0062,2025-07-19,117711.96,Paid,0
TXN_101179,PROJ_0054,2025-05-12,56508.31,Paid,0
TXN_101180,PROJ_0090,2026-01-17,30383.64,Paid,0
TXN_101181,PROJ_0063,2025-09-25,25521.77,Paid,0
TXN_101182,PROJ_0091,2025-04-17,122477.4,Overdue,57
TXN_101183,PROJ_0100,2025-09-29,13109.64,Paid,0
TXN_101184,PROJ_0090,2025-08-23,78931.16,Pending,0
TXN_101185,PROJ_0092,2026-01-29,74896.83,Paid,0
TXN_101186,PROJ_0055,2025-08-24,124674.94,Pending,0
TXN_101187,PROJ_0025,2025-06-04,128862.63,Pending,0
TXN_101188,PROJ_0005,2025-05-27,21468.56,Paid,0
TXN_101189,PROJ_0006,2025-04-03,56868.0,Paid,0
TXN_101190,PROJ_0085,2025-10-11,48081.93,Paid,0
TXN_101191,PROJ_0073,2025-11-07,118473.64,Paid,0
TXN_101192,PROJ_0075,2025-05-10,122719.62,Paid,0
TXN_101193,PROJ_0093,2025-09-04,141840.69,Paid,0
TXN_101194,PROJ_0071,2025-05-21,33959.0,Paid,0
TXN_101195,PROJ_0048,2025-11-05,84713.0,Paid,0
TXN_101196,PROJ_0052,2026-02-09,139449.8,Paid,0
TXN_101197,PROJ_0039,2026-01-19,130008.25,Paid,0
TXN_101198,PROJ_0019,2025-06-11,111898.83,Paid,0
TXN_101199,PROJ_0054,2026-01-03,41875.97,Paid,0
TXN_101200,PROJ_0027,2025-08-11,108736.4,Paid,0
TXN_101201,PROJ_0035,2026-02-26,5365.93,Paid,0
TXN_101202,PROJ_0014,2025-09-07,94122.5,Paid,0
TXN_101203,PROJ_0065,2025-11-11,74337.1,Paid,0
TXN_101204,PROJ_0015,2025-10-03,59698.38,Paid,0
TXN_101205,PROJ_0083,2025-08-31,146013.41,Paid,0
TXN_101206,PROJ_0030,2025-09-23,124561.83,Pending,0
TXN_101207,PROJ_0088,2025-10-21,23867.15,Paid,0
TXN_101208,PROJ_0004,2025-02-28,35967.97,Paid,0
TXN_101209,PROJ_0023,2025-12-09,98529.39,Overdue,18
TXN_101210,PROJ_0080,2025-06-08,89202.37,Paid,0
TXN_101211,PROJ_0018,2025-08-05,38679.91,Pending,0
TXN_101212,PROJ_0008,2025-03-11,145412.74,Overdue,47
TXN_101213,PROJ_0011,2025-06-08,136605.7,Paid,0
TXN_101214,PROJ_0046,2025-03-22,120452.84,Pending,0
TXN_101215,PROJ_0070,2025-06-22,131696.25,Paid,0
TXN_101216,PROJ_0078,2025-11-09,121770.5,Paid,0
TXN_101217,PROJ_0063,2025-07-25,136115.29,Paid,0
TXN_101218,PROJ_0051,2025-07-06,15120.34,Overdue,16
TXN_101219,PROJ_0010,2025-08-13,146942.27,Paid,0
TXN_101220,PROJ_0023,2025-03-07,140854.26,Paid,0
TXN_101221,PROJ_0022,2025-06-03,117630.77,Pending,0
TXN_101222,PROJ_0001,2025-08-29,13285.81,Paid,0
TXN_101223,PROJ_0028,2025-02-28,145244.49,Paid,0
TXN_101224,PROJ_0017,2026-01-09,8608.25,Paid,0
TXN_101225,PROJ_0079,2025-10-07,103223.36,Paid,0
TXN_101226,PROJ_0007,2025-06-12,72322.99,Overdue,42
TXN_101227,PROJ_0011,2025-05-16,148054.07,Paid,0
TXN_101228,PROJ_0057,2025-05-05,143875.57,Paid,0
TXN_101229,PROJ_0017,2026-01-07,7277.92,Overdue,26
TXN_101230,PROJ_0082,2026-01-02,89267.72,Pending,0
TXN_101231,PROJ_0080,2025-12-27,35034.3,Overdue,9
TXN_101232,PROJ_0043,2025-05-20,13903.82,Paid,0
TXN_101233,PROJ_0019,2026-02-10,82744.0,Paid,0
TXN_101234,PROJ_0032,2025-12-14,18377.54,Pending,0
TXN_101235,PROJ_0055,2026-02-19,8660.63,Paid,0
TXN_101236,PROJ_0037,2025-07-31,97598.03,Paid,0
TXN_101237,PROJ_0058,2025-08-02,144779.05,Paid,0
TXN_101238,PROJ_0078,2025-05-11,144996.23,Overdue,31
TXN_101239,PROJ_0065,2025-10-14,141153.58,Paid,0
TXN_101240,PROJ_0057,2025-09-04,56976.62,Paid,0
TXN_101241,PROJ_0046,2026-01-03,63519.39,Paid,0
TXN_101242,PROJ_0075,2025-12-11,60771.39,Paid,0
TXN_101243,PROJ_0067,2025-06-06,131676.04,Paid,0
TXN_101244,PROJ_0050,2025-03-20,108250.2,Pending,0
TXN_101245,PROJ_0087,2025-09-26,101947.71,Overdue,26
TXN_101246,PROJ_0091,2025-08-17,43636.18,Paid,0
TXN_101247,PROJ_0066,2025-03-11,146007.25,Paid,0
TXN_101248,PROJ_0019,2025-05-29,108083.1,Paid,0
TXN_101249,PROJ_0038,2025-08-17,18103.89,Paid,0
TXN_101250,PROJ_0096,2025-07-15,104406.55,Overdue,54
TXN_101251,PROJ_0020,2025-11-13,45857.09,Paid,0
TXN_101252,PROJ_0074,2025-03-18,100870.17,Overdue,22
TXN_101253,PROJ_0045,2025-08-28,74749.88,Paid,0
TXN_101254,PROJ_0094,2026-02-04,139487.43,Pending,0
TXN_101255,PROJ_0084,2025-08-07,72576.5,Paid,0
TXN_101256,PROJ_0024,2025-11-14,134318.71,Pending,0
TXN_101257,PROJ_0094,2025-05-22,110860.49,Paid,0
TXN_101258,PROJ_0018,2025-10-14,20152.71,Paid,0
TXN_101259,PROJ_0078,2025-03-09,136580.82,Paid,0
TXN_101260,PROJ_0049,2025-08-25,13513.57,Pending,0
TXN_101261,PROJ_0069,2025-05-29,135334.13,Paid,0
TXN_101262,PROJ_0094,2025-11-19,98256.26,Paid,0
TXN_101263,PROJ_0051,2025-08-18,61373.96,Pending,0
TXN_101264,PROJ_0026,2025-03-12,147595.45,Paid,0
TXN_101265,PROJ_0043,2025-10-09,115544.95,Paid,0
TXN_101266,PROJ_0082,2025-05-08,131780.19,Pending,0
TXN_101267,PROJ_0078,2026-01-02,90418.3,Paid,0
TXN_101268,PROJ_0009,2025-09-10,129445.7,Paid,0
TXN_101269,PROJ_0083,2025-08-08,27853.71,Paid,0
TXN_101270,PROJ_0047,2025-10-29,77717.11,Overdue,9
TXN_101271,PROJ_0080,2025-05-10,146387.35,Paid,0
TXN_101272,PROJ_0070,2025-08-03,57015.2,Pending,0
TXN_101273,PROJ_0095,2025-04-28,8771.25,Paid,0
TXN_101274,PROJ_0024,2026-01-27,7167.81,Paid,0
TXN_101275,PROJ_0065,2025-12-04,41864.18,Paid,0
TXN_101276,PROJ_0082,2025-06-02,65451.35,Paid,0
TXN_101277,PROJ_0075,2025-03-31,19027.3,Paid,0
TXN_101278,PROJ_0030,2025-09-25,77240.61,Paid,0
TXN_101279,PROJ_0001,2025-09-29,26945.89,Paid,0
TXN_101280,PROJ_0031,2025-09-24,137288.34,Paid,0
TXN_101281,PROJ_0006,2025-03-17,28274.24,Paid,0
TXN_101282,PROJ_0049,2025-09-06,135932.13,Paid,0
TXN_101283,PROJ_0075,2026-01-28,144915.96,Paid,0
TXN_101284,PROJ_0063,2025-08-28,112151.98,Paid,0
TXN_101285,PROJ_0030,2025-09-23,106974.01,Paid,0
TXN_101286,PROJ_0087,2025-03-02,31774.87,Pending,0
TXN_101287,PROJ_0080,2026-01-22,99829.23,Paid,0
TXN_101288,PROJ_0047,2025-03-22,50210.21,Pending,0
TXN_101289,PROJ_0072,2025-09-30,113452.72,Paid,0
TXN_101290,PROJ_0040,2025-07-14,111444.24,Overdue,52
TXN_101291,PROJ_0023,2025-09-09,9620.59,Overdue,5
TXN_101292,PROJ_0086,2025-12-17,99242.64,Paid,0
TXN_101293,PROJ_0024,2025-07-26,114788.78,Paid,0
TXN_101294,PROJ_0093,2025-06-23,71163.07,Paid,0
TXN_101295,PROJ_0009,2025-07-18,47996.51,Paid,0
TXN_101296,PROJ_0009,2025-05-15,107821.68,Paid,0
TXN_101297,PROJ_0039,2025-07-03,115478.89,Paid,0
TXN_101298,PROJ_0001,2025-07-25,122336.32,Paid,0
TXN_101299,PROJ_0099,2025-09-05,43493.09,Pending,0
TXN_101300,PROJ_0020,2025-11-10,140461.2,Overdue,5
TXN_101301,PROJ_0089,2026-02-23,64883.25,Paid,0
TXN_101302,PROJ_0055,2025-06-15,87098.38,Overdue,52
TXN_101303,PROJ_0073,2026-02-16,27142.97,Paid,0
TXN_101304,PROJ_0086,2025-11-16,135286.84,Paid,0
TXN_101305,PROJ_0017,2025-12-05,26923.35,Paid,0
TXN_101306,PROJ_0006,2025-04-14,26298.19,Paid,0
TXN_101307,PROJ_0019,2025-09-10,27997.88,Paid,0
TXN_101308,PROJ_0030,2025-10-05,14564.64,Paid,0
TXN_101309,PROJ_0095,2025-06-04,17044.03,Overdue,39
TXN_101310,PROJ_0034,2026-02-11,36556.0,Pending,0
TXN_101311,PROJ_0071,2026-02-18,108639.8,Paid,0
TXN_101312,PROJ_0098,2025-06-04,103545.55,Overdue,28
TXN_101313,PROJ_0068,2025-10-18,123146.84,Paid,0
TXN_101314,PROJ_0095,2025-06-03,111509.49,Paid,0
TXN_101315,PROJ_0001,2025-10-14,67546.36,Paid,0
TXN_101316,PROJ_0043,2025-11-28,124535.1,Paid,0
TXN_101317,PROJ_0051,2025-07-01,134267.83,Paid,0
TXN_101318,PROJ_0019,2025-10-12,114322.42,Paid,0
TXN_101319,PROJ_0043,2025-11-15,10433.16,Pending,0
TXN_101320,PROJ_0094,2025-08-13,146995.42,Pending,0
TXN_101321,PROJ_0084,2025-12-01,107325.12,Paid,0
TXN_101322,PROJ_0041,2026-02-14,136003.39,Paid,0
TXN_101323,PROJ_0089,2025-05-31,101438.86,Paid,0
TXN_101324,PROJ_0055,2025-08-13,59556.05,Paid,0
TXN_101325,PROJ_0018,2026-02-16,10325.06,Paid,0
TXN_101326,PROJ_0070,2026-02-06,10543.75,Pending,0
TXN_101327,PROJ_0019,2025-06-15,149101.98,Overdue,59
TXN_101328,PROJ_0068,2026-01-03,105657.84,Paid,0
TXN_101329,PROJ_0019,2025-06-14,88782.5,Paid,0
TXN_101330,PROJ_0042,2025-12-06,61333.12,Pending,0
TXN_101331,PROJ_0049,2025-12-04,99672.23,Paid,0
TXN_101332,PROJ_0031,2025-05-23,105923.09,Paid,0
TXN_101333,PROJ_0070,2025-06-29,77270.93,Paid,0
TXN_101334,PROJ_0079,2025-08-20,109216.26,Paid,0
TXN_101335,PROJ_0052,2026-02-17,96196.05,Paid,0
TXN_101336,PROJ_0049,2025-06-30,77858.26,Paid,0
TXN_101337,PROJ_0071,2025-08-10,29090.8,Paid,0
TXN_101338,PROJ_0060,2025-04-21,28374.9,Paid,0
TXN_101339,PROJ_0022,2026-01-02,111815.51,Paid,0
TXN_101340,PROJ_0057,2025-06-28,74697.37,Paid,0
TXN_101341,PROJ_0074,2025-11-05,87691.46,Paid,0
TXN_101342,PROJ_0024,2025-06-20,72838.78,Paid,0
TXN_101343,PROJ_0091,2025-04-12,59630.95,Paid,0
TXN_101344,PROJ_0035,2026-01-03,125460.54,Paid,0
TXN_101345,PROJ_0006,2025-03-15,123898.18,Pending,0
TXN_101346,PROJ_0074,2025-04-07,57277.47,Paid,0
TXN_101347,PROJ_0087,2025-10-18,61464.97,Overdue,39
TXN_101348,PROJ_0067,2025-06-12,49355.98,Paid,0
TXN_101349,PROJ_0042,2025-04-09,90618.98,Paid,0
TXN_101350,PROJ_0043,2026-02-13,128295.19,Overdue,17
TXN_101351,PROJ_0052,2025-07-13,143035.73,Paid,0
TXN_101352,PROJ_0017,2025-11-22,104501.74,Pending,0
TXN_101353,PROJ_0044,2026-01-31,68530.67,Paid,0
TXN_101354,PROJ_0098,2025-11-11,60824.85,Paid,0
TXN_101355,PROJ_0067,2025-08-10,60670.85,Paid,0
TXN_101356,PROJ_0032,2025-12-11,65006.46,Paid,0
TXN_101357,PROJ_0044,2025-11-15,125289.11,Pending,0
TXN_101358,PROJ_0003,2025-10-05,55862.92,Pending,0
TXN_101359,PROJ_0072,2025-12-21,142180.48,Paid,0
TXN_101360,PROJ_0048,2025-12-25,85867.23,Paid,0
TXN_101361,PROJ_0071,2025-07-05,130593.83,Paid,0
TXN_101362,PROJ_0061,2025-11-16,63640.09,Paid,0
TXN_101363,PROJ_0077,2026-02-09,36980.85,Overdue,2
TXN_101364,PROJ_0084,2025-07-04,85058.39,Paid,0
TXN_101365,PROJ_0052,2025-04-28,38839.94,Paid,0
TXN_101366,PROJ_0064,2025-07-31,125186.37,Paid,0
TXN_101367,PROJ_0097,2025-04-14,97431.05,Pending,0
TXN_101368,PROJ_0068,2025-11-29,131456.74,Paid,0
TXN_101369,PROJ_0078,2026-01-07,125274.46,Pending,0
TXN_101370,PROJ_0043,2025-07-25,37930.2,Paid,0
TXN_101371,PROJ_0029,2025-08-08,28608.71,Paid,0
TXN_101372,PROJ_0036,2025-08-13,30871.25,Paid,0
TXN_101373,PROJ_0038,2025-05-31,92979.78,Paid,0
TXN_101374,PROJ_0020,2025-10-02,66123.93,Paid,0
TXN_101375,PROJ_0038,2025-03-17,95693.6,Paid,0
TXN_101376,PROJ_0041,2025-05-25,6106.02,Paid,0
TXN_101377,PROJ_0011,2025-12-23,90789.07,Paid,0
TXN_101378,PROJ_0066,2025-10-07,43614.4,Paid,0
TXN_101379,PROJ_0076,2025-11-19,108995.84,Paid,0
TXN_101380,PROJ_0011,2025-11-12,27357.78,Paid,0
TXN_101381,PROJ_0049,2025-11-24,140320.5,Paid,0
TXN_101382,PROJ_0097,2025-08-18,90426.98,Paid,0
TXN_101383,PROJ_0078,2025-12-19,26941.36,Overdue,7
TXN_101384,PROJ_0095,2025-04-10,104226.21,Overdue,42
TXN_101385,PROJ_0072,2025-12-31,117339.08,Paid,0
TXN_101386,PROJ_0054,2025-07-25,84037.52,Paid,0
TXN_101387,PROJ_0059,2025-04-23,135878.41,Overdue,10
TXN_101388,PROJ_0054,2025-11-28,128198.16,Pending,0
TXN_101389,PROJ_0049,2026-01-30,16710.21,Paid,0
TXN_101390,PROJ_0023,2025-03-03,66720.82,Paid,0
TXN_101391,PROJ_0043,2025-07-28,82483.64,Pending,0
TXN_101392,PROJ_0014,2025-04-27,138444.42,Paid,0
TXN_101393,PROJ_0015,2025-05-25,89090.92,Paid,0
TXN_101394,PROJ_0006,2025-05-16,127954.97,Paid,0
TXN_101395,PROJ_0004,2026-02-10,96859.89,Overdue,6
TXN_101396,PROJ_0013,2025-10-30,27791.8,Paid,0
TXN_101397,PROJ_0012,2025-05-26,20478.99,Paid,0
TXN_101398,PROJ_0004,2025-06-06,116553.7,Paid,0
TXN_101399,PROJ_0020,2025-10-12,78534.35,Paid,0
TXN_101400,PROJ_0027,2025-03-24,47333.72,Paid,0
TXN_101401,PROJ_0088,2025-05-20,100189.82,Paid,0
TXN_101402,PROJ_0075,2025-07-04,133739.12,Paid,0
TXN_101403,PROJ_0100,2025-10-18,35001.19,Overdue,31
TXN_101404,PROJ_0033,2025-08-15,11931.5,Paid,0
TXN_101405,PROJ_0072,2025-12-30,142879.24,Paid,0
TXN_101406,PROJ_0036,2025-12-16,149380.57,Paid,0
TXN_101407,PROJ_0020,2025-05-13,63925.95,Paid,0
TXN_101408,PROJ_0015,2026-02-28,21485.35,Paid,0
TXN_101409,PROJ_0023,2025-08-24,39644.53,Pending,0
TXN_101410,PROJ_0001,2026-02-09,139478.43,Paid,0
TXN_101411,PROJ_0044,2025-09-19,45466.11,Paid,0
TXN_101412,PROJ_0081,2026-01-18,125057.61,Paid,0
TXN_101413,PROJ_0004,2025-08-09,91954.45,Paid,0
TXN_101414,PROJ_0044,2025-05-16,95833.28,Pending,0
TXN_101415,PROJ_0061,2026-01-22,117801.19,Paid,0
TXN_101416,PROJ_0069,2025-11-13,95005.24,Pending,0
TXN_101417,PROJ_0026,2025-12-29,139854.15,Paid,0
TXN_101418,PROJ_0090,2025-12-13,11655.39,Paid,0
TXN_101419,PROJ_0099,2025-09-12,74525.01,Paid,0
TXN_101420,PROJ_0012,2025-09-26,119298.9,Paid,0
TXN_101421,PROJ_0048,2025-06-25,89096.51,Paid,0
TXN_101422,PROJ_0021,2026-01-23,60538.07,Pending,0
TXN_101423,PROJ_0011,2025-03-30,17306.02,Paid,0
TXN_101424,PROJ_0021,2025-07-17,119937.96,Paid,0
TXN_101425,PROJ_0016,2025-04-18,76965.14,Paid,0
TXN_101426,PROJ_0060,2025-03-12,31362.83,Paid,0
TXN_101427,PROJ_0077,2025-11-17,71252.81,Paid,0
TXN_101428,PROJ_0025,2025-04-14,66876.19,Paid,0
TXN_101429,PROJ_0087,2026-01-09,66710.87,Paid,0
TXN_101430,PROJ_0031,2025-09-05,130729.74,Paid,0
TXN_101431,PROJ_0020,2025-03-06,71074.98,Paid,0
TXN_101432,PROJ_0089,2025-07-21,47811.69,Paid,0
TXN_101433,PROJ_0087,2025-03-28,146794.72,Overdue,31
TXN_101434,PROJ_0090,2025-06-29,8455.42,Paid,0
TXN_101435,PROJ_0028,2025-06-19,20038.65,Paid,0
TXN_101436,PROJ_0017,2025-12-30,24561.8,Paid,0
TXN_101437,PROJ_0010,2025-02-28,74520.62,Paid,0
TXN_101438,PROJ_0092,2025-03-15,87990.21,Overdue,44
TXN_101439,PROJ_0018,2025-04-27,91696.97,Overdue,35
TXN_101440,PROJ_0099,2025-07-25,92363.77,Paid,0
TXN_101441,PROJ_0057,2025-09-05,75179.84,Pending,0
TXN_101442,PROJ_0008,2026-01-27,67513.48,Paid,0
TXN_101443,PROJ_0030,2025-12-02,113615.48,Paid,0
TXN_101444,PROJ_0091,2025-08-22,27335.69,Overdue,27
TXN_101445,PROJ_0075,2025-07-05,53908.2,Paid,0
TXN_101446,PROJ_0015,2025-10-17,100406.98,Paid,0
TXN_101447,PROJ_0037,2026-02-27,65349.11,Paid,0
TXN_101448,PROJ_0089,2026-02-05,8438.92,Paid,0
TXN_101449,PROJ_0075,2026-02-26,111538.17,Paid,0
TXN_101450,PROJ_0043,2025-06-21,48064.47,Paid,0
TXN_101451,PROJ_0018,2026-02-20,71812.99,Pending,0
TXN_101452,PROJ_0063,2025-08-25,65278.11,Paid,0
TXN_101453,PROJ_0040,2025-08-07,39269.66,Overdue,38
TXN_101454,PROJ_0031,2025-04-09,106035.47,Paid,0
TXN_101455,PROJ_0016,2025-05-06,16942.83,Paid,0
TXN_101456,PROJ_0001,2025-04-27,109088.49,Pending,0
TXN_101457,PROJ_0015,2026-02-10,101233.22,Paid,0
TXN_101458,PROJ_0022,2025-05-15,27061.28,Paid,0
TXN_101459,PROJ_0013,2025-05-10,144073.6,Paid,0
TXN_101460,PROJ_0049,2025-07-24,88796.03,Overdue,22
TXN_101461,PROJ_0040,2026-01-03,118267.73,Overdue,30
TXN_101462,PROJ_0015,2025-05-28,126104.53,Paid,0
TXN_101463,PROJ_0011,2025-05-29,145239.02,Paid,0
TXN_101464,PROJ_0051,2025-11-14,39529.44,Paid,0
TXN_101465,PROJ_0062,2026-02-16,81081.35,Overdue,8
TXN_101466,PROJ_0043,2025-06-09,12593.92,Paid,0
TXN_101467,PROJ_0088,2025-11-19,81005.8,Paid,0
TXN_101468,PROJ_0060,2026-01-23,117366.4,Paid,0
TXN_101469,PROJ_0026,2026-02-22,14511.76,Paid,0
TXN_101470,PROJ_0045,2025-08-02,115815.63,Overdue,33
TXN_101471,PROJ_0089,2025-11-29,22431.51,Paid,0
TXN_101472,PROJ_0025,2025-10-27,76983.27,Paid,0
TXN_101473,PROJ_0046,2025-07-25,84507.1,Paid,0
TXN_101474,PROJ_0004,2025-06-28,131090.78,Paid,0
TXN_101475,PROJ_0061,2025-12-20,89749.61,Pending,0
TXN_101476,PROJ_0016,2025-05-28,89836.82,Paid,0
TXN_101477,PROJ_0077,2025-08-04,64414.6,Paid,0
TXN_101478,PROJ_0093,2025-10-01,12962.93,Paid,0
TXN_101479,PROJ_0078,2025-12-09,71256.81,Paid,0
TXN_101480,PROJ_0070,2025-08-29,134562.88,Paid,0
TXN_101481,PROJ_0082,2026-01-28,9210.3,Paid,0
TXN_101482,PROJ_0007,2025-08-23,80971.26,Paid,0
TXN_101483,PROJ_0050,2026-01-27,125159.34,Paid,0
TXN_101484,PROJ_0044,2025-03-21,106677.71,Paid,0
TXN_101485,PROJ_0098,2025-09-30,63895.43,Paid,0
TXN_101486,PROJ_0052,2025-03-24,53695.74,Paid,0
TXN_101487,PROJ_0081,2025-11-20,116320.61,Paid,0
TXN_101488,PROJ_0090,2025-12-10,108572.91,Paid,0
TXN_101489,PROJ_0098,2026-02-19,131933.92,Paid,0
TXN_101490,PROJ_0033,2025-03-11,76926.19,Paid,0
TXN_101491,PROJ_0083,2025-12-14,136469.16,Paid,0
TXN_101492,PROJ_0091,2025-10-29,44919.41,Paid,0
TXN_101493,PROJ_0019,2025-09-21,53677.06,Paid,0
TXN_101494,PROJ_0037,2025-07-22,34855.09,Paid,0
TXN_101495,PROJ_0100,2025-07-30,84883.55,Paid,0
TXN_101496,PROJ_0093,2025-12-29,21834.69,Paid,0
TXN_101497,PROJ_0084,2026-01-14,5325.72,Paid,0
TXN_101498,PROJ_0054,2025-08-13,108153.9,Pending,0
TXN_101499,PROJ_0031,2025-07-19,27024.19,Pending,0
